SetID,SetName,pval,padj,log2err,ES,NES,size,Predictor
MOSET6944,LaMANNO_ENDOTHELIAL_MIDBRAIN,1.42034867195291e-35,6.39583006980393e-32,1.54987806027287,-0.603901858560338,-2.73196146244334,323,genotype
MOSET6955,BUTLER_ENDOTHELIAL_HPA,3.25811850797921e-30,7.3356538207152e-27,1.42456271623384,-0.638477637912829,-2.85567955983639,229,genotype
MOSET6853,ZHANG_MOUSE_ENDOTHELIAL_2014,7.00586180971638e-26,1.05157985763843e-22,1.31888879607587,-0.769014189121916,-3.25473632024914,95,genotype
MOSET7058,kelley_Endothelial,2.07557531901281e-24,2.33657891537867e-21,1.27903397725049,-0.684312747283606,-2.96208319447007,137,genotype
MOSET6940,ZEISEL_ENDOTHELIAL,8.83286440384275e-24,7.95487768210078e-21,1.26273988547916,-0.53989753093599,-2.44660976158164,336,genotype
MOSET7767,JAKEL_2019_PERICYTE,3.3145561016404e-23,2.48757435428112e-20,1.24623277191648,-0.528756201027733,-2.40136136234678,367,genotype
MOSET7610,ABSINTA_2021_VASCULAR,3.57558354408172e-21,2.30012181414285e-18,1.18665095279281,-0.535080297912312,-2.41537551796911,308,genotype
MOSET6886,TURCAN_CpG_HYPERMETHYLATED_AND_DOWNREGULATED_IN_IDH1MUT_CLINICAL_SAMPLES_442_GENES,4.5465529810935e-19,2.55914100923301e-16,1.12391496374483,-0.47713914087337,-2.16733279432619,413,genotype
MOSET7749,JAKEL_2019_ENDOTHELIAL1,5.18242478809461e-19,2.59293986897667e-16,1.12391496374483,-0.495212335566183,-2.24907290866895,364,genotype
MOSET6937,ZEISEL_MICROGLIA,1.32289500659214e-18,5.95699621468439e-16,1.11466447751729,-0.476519758895037,-2.16158033660858,405,genotype
MOSET6956,BUTLER_ENDOTHELIAL_GTEX,2.09349370255445e-18,8.57000194782063e-16,1.10533657731401,-0.704473677708828,-2.9826724188009,97,genotype
MOSET6799,VERHAAK_TCGA_MESENCHYMAL_GBM_SUBTYPE,1.61630760874557e-17,6.06519430181773e-15,1.07686819261983,-0.56975374775498,-2.53472359740209,195,genotype
MOSET7134,HABIB_2017_END,2.24258406244606e-17,7.76796617938048e-15,1.07686819261983,-0.533840226449563,-2.38695496013072,263,genotype
MOSET197,STANFORD_PLACENTA_SW,1.00750997665071e-16,3.24058387489869e-14,1.05746357275086,-0.577522972790695,-2.54120801762599,172,genotype
MOSET6946,LaMANNO_MICROGLIA_MIDBRAIN,2.67158623468251e-16,8.02010187651689e-14,1.03769615548758,-0.521887827276071,-2.33326515684324,258,genotype
MOSET6959,GOKCE_VASCULAR_STR,3.01191134922981e-16,8.47664800348866e-14,1.03769615548758,-0.811344817670205,-3.2051825647799,46,genotype
MOSET7523,VELMESHEV_2019_ENDOTHELIAL,4.52620519396587e-15,1.19891188167225e-12,0.996986217533181,-0.563194434710367,-2.48351762153993,177,genotype
MOSET6718,ASHKAN_E14_RADIAL_GLIA,2.68289674677099e-14,6.71171336150543e-12,0.97599468306432,-0.495116945988469,-2.21935508110621,269,genotype
MOSET7540,YANG_CP_2021_MESENCHYMAL,4.67237182655084e-13,1.05198451674792e-10,0.921426003494898,-0.419910276492992,-1.91795790559444,484,genotype
MOSET7742,LUO_2019_MICRO_ENDO_TYROBP_SLC7A5_DE_GLIAL_CLUSTERS,1.24964815515427e-12,2.67960268698081e-10,0.910119734774459,-0.771427214232702,-3.03870509007814,45,genotype
MOSET7607,ABSINTA_2021_IMMUNE,3.55458772595418e-12,7.27559478635077e-10,0.898671232061694,-0.483648954527913,-2.1625988835318,254,genotype
MOSET6128,MGI_MP:0002080__PRENATAL_LETHALITY,7.38441992401649e-12,1.4457409964281e-09,0.875325132024659,-0.422927948026902,-1.92338079935638,429,genotype
MOSET6795,PHILLIPS_MOST_DIFF_EXP_IN_MES_SUBTYPE_170_GENES,1.53244192050188e-11,2.87524415334165e-09,0.863415391606693,-0.589192499220813,-2.52245478012234,114,genotype
MOSET176,STANFORD_LUNG_SW,1.87029677998916e-11,3.36877856011648e-09,0.863415391606693,-0.603825850462615,-2.57527582049649,104,genotype
MOSET6790,MASICA_Downregulated_IDH1_mutation,2.06335712022209e-11,3.57357581244618e-09,0.863415391606693,-0.425014564706383,-1.92959185083057,390,genotype
MOSET97,DOYLE_CORTICAL_OLIGODENDROCYTES_OLIG2,6.19045647796204e-11,1.03243057482456e-08,0.839088935621274,-0.403696148904262,-1.84218420780105,465,genotype
MOSET6864,NOUSHMEHR_HYPERMETHYLATED_DOWNREGULATED_AGI_IN_GCIMP_PRONEURAL_411_GENES,2.02813642055176e-10,3.1492063109464e-08,0.826657301178302,-0.420736110536565,-1.91097988709962,374,genotype
MOSET6866,NOUSHMEHR_HYPERMETHYLATED_DOWNREGULATED_AFFY&AGI_IN_GCIMP_PRONEURAL_411_GENES,2.02813642055176e-10,3.1492063109464e-08,0.826657301178302,-0.420736110536565,-1.91097988709962,374,genotype
MOSET7231,LI_2018_ENDO,2.46131819572895e-10,3.69443861178915e-08,0.814035837847908,-0.780216991819033,-2.9879022929694,34,genotype
MOSET6862,NOUSHMEHR_HYPERMETHYLATED_DOWNREGULATED_AFFY_IN_GCIMP_PRONEURAL_242_GENES,3.80025176343015e-10,5.5201721582987e-08,0.814035837847908,-0.471061439690764,-2.10844681805689,223,genotype
MOSET6945,LaMANNO_PERICYTE_MIDBRAIN,4.3928997830109e-10,5.99431143118124e-08,0.814035837847908,-0.460138445346342,-2.05767055269953,250,genotype
MOSET7525,YANG_PFC_2021_ASTROCYTE,4.3928997830109e-10,5.99431143118124e-08,0.814035837847908,-0.395505400840952,-1.80674458864494,485,genotype
MOSET6170,MGI_MP:0001698__REDUCED_EMBRYO_SIZE,1.42379367035542e-09,1.83181225646013e-07,0.788186810800237,-0.414955349938776,-1.88336137463847,341,genotype
MOSET7636,LAU_2020_ASTRO,1.8065301126689e-09,2.25966808259668e-07,0.788186810800237,-0.392325585258855,-1.78641890329085,446,genotype
MOSET7550,YANG_2021_BEC_CAPILLARY,1.9344228218442e-09,2.35424485588228e-07,0.774939030136436,-0.541656300139353,-2.31461608150286,119,genotype
MOSET7111,AGARWAL_SN_2020_MICROGLIA,2.95756934807949e-09,3.50471967747419e-07,0.774939030136436,-0.453864122968114,-2.02827634802663,240,genotype
MOSET7632,ABSINTA_2021_ENDOTHELIAL_DE_VASC_CLUSTERS,3.88795055083622e-09,4.48908752061936e-07,0.761460801445585,-0.420709415928536,-1.90365437044497,327,genotype
MOSET87,DOYLE_CEREBELLAR_ASTROCYTES,5.55877301194136e-09,6.25778871819299e-07,0.761460801445585,-0.420823813412064,-1.90032924578674,310,genotype
MOSET227,HPRD_EGFR1_SIGNALING_PATHWAY,8.71841392415019e-09,9.34738521439245e-07,0.747739663149885,-0.387382877355296,-1.76498592506716,456,genotype
MOSET221,STANFORD_TONSIL_SW,1.95996895050264e-08,2.05249771723567e-06,0.73376198835648,-0.419343726898264,-1.88782614153433,300,genotype
MOSET85,DOYLE_BERGMAN_GLIA_CORRECTED,2.45319968430562e-08,2.45483515076183e-06,0.73376198835648,-0.414837254404853,-1.87520404912288,314,genotype
MOSET6806,BUTOVSKY_MICROGLIA_top152,3.52189281905279e-08,3.4476268183032e-06,0.719512826338911,-0.499077005227851,-2.17661417629234,148,genotype
MOSET6833,Raju_18GW_INTERNEURONS_FDR,4.25234726596746e-08,4.0741105826918e-06,0.719512826338911,-0.369290514832764,-1.6867500083589,484,genotype
MOSET6719,ASHKAN_E16_RADIAL_GLIA,4.9306278628445e-08,4.625545263831e-06,0.719512826338911,-0.539032045239301,-2.30142803684301,109,genotype
MOSET6954,HE_MURAL,5.1393297798066e-08,4.72293918336105e-06,0.719512826338911,-0.432635777748714,-1.9341769229175,253,genotype
MOSET99,DOYLE_CORTICOSPINAL_NEURONS,8.44182585504722e-08,7.60270836505552e-06,0.704975715167238,-0.458255049689615,-2.02164820802101,179,genotype
MOSET6896,Suva_single_cell_microglia/macrophage_PC2,1.06440159066738e-07,9.39803992701026e-06,0.704975715167238,-0.624591038206838,-2.5311297034594,58,genotype
MOSET4083,MGI_MP:0001577__ANEMIA,1.44378148948145e-07,1.25025923983365e-05,0.690132458796796,-0.503311445804703,-2.15790177552237,126,genotype
MOSET6760,FIETZ_EXTRACELLULAR_MATRIX_GENE_CLUSTER_126_hVZ+hISVZ+hOSVZ>hCP+mVZ+mSVZ+mCP,1.80208649356769e-07,1.50273990380284e-05,0.690132458796796,-0.503292624105705,-2.1599183513547,123,genotype
MOSET8678,AYHAN_2021_CA2_DE_NEU_CLUSTERS,1.94962412048976e-07,1.59621043901189e-05,0.690132458796796,-0.377175132960174,-1.71268770332747,398,genotype
MOSET6759,FIETZ_EXTRACELLULAR_MATRIX_GENE_CLUSTER_198_hVZ+hISVZ+hOSVZ+mVZ>hCP+mSVZ+mCP,2.03393138649879e-07,1.63549875596501e-05,0.690132458796796,-0.444918551990098,-1.97831233029723,194,genotype
MOSET7133,HABIB_2017_EPENDYMAL,2.13931551262453e-07,1.69005925497338e-05,0.690132458796796,-0.417039118118356,-1.86510675869824,264,genotype
MOSET5168,MGI_MP:0001914__HEMORRHAGE,2.64765269887514e-07,2.05558277638531e-05,0.674962860011025,-0.456235703604881,-2.00622318532742,171,genotype
MOSET7083,AGARWAL_CTX_2020_MICROGLIA,2.98654542523217e-07,2.27939221183398e-05,0.674962860011025,-0.427303534258804,-1.90953565733181,238,genotype
MOSET90,DOYLE_CEREBELLAR_OLIGODENDROCYTES_OLIG2,3.15599204645599e-07,2.36101423266141e-05,0.674962860011025,-0.380666872019393,-1.72898574164806,374,genotype
MOSET5818,MGI_MP:0005371__LIMBS/DIGITS/TAIL_PHENOTYPE,3.45252395105243e-07,2.49801114548644e-05,0.674962860011025,-0.365223526131001,-1.661071222207,427,genotype
MOSET7662,MORABITO_2021_MICROGLIA1_DE_SUBTYPE_CLUSTERS,3.49488567989441e-07,2.49801114548644e-05,0.674962860011025,-0.370340955731072,-1.68251392500047,415,genotype
MOSET6958,ZHANG_MOUSE_PERICYTE_2014,5.32145436497736e-07,3.74414203210829e-05,0.659444398037935,-0.570673711559706,-2.35341880194872,73,genotype
MOSET7664,MORABITO_2021_MICROGLIA2_DE_SUBTYPE_CLUSTERS,5.40659583288873e-07,3.74552323623046e-05,0.659444398037935,-0.368519684843168,-1.67513539108704,425,genotype
MOSET45,OLDHAM_CORTEX_MODULE_BROWN,5.5768788505753e-07,3.8049523430516e-05,0.659444398037935,-0.417831051025877,-1.86804631542049,258,genotype
MOSET7560,YANG_2021_SMC,7.0242878396673e-07,4.72095046895849e-05,0.659444398037935,-0.567542338351749,-2.33980325197751,72,genotype
MOSET6895,Suva_single_cell_macrophage_PC1_Low_fig5a,7.79056486551438e-07,5.08419037527699e-05,0.659444398037935,-0.532668052849156,-2.24565645287781,89,genotype
MOSET6832,Raju_18GW_INTERNEURONS_BC,1.0182093830105e-06,6.36805118291153e-05,0.643551836150722,-0.440972316364134,-1.94559617796109,178,genotype
MOSET96,DOYLE_CORTICAL_OLIGODENDROCYTES_CMTM5,1.00109702648729e-06,6.36805118291153e-05,0.643551836150722,-0.420354191519551,-1.88148377873615,223,genotype
MOSET240,HPRD_TGF_BETA_RECEPTOR_SIGNALING_PATHWAY,1.03532174630377e-06,6.38637510082997e-05,0.643551836150722,-0.421738248537998,-1.8849387107001,217,genotype
MOSET7634,ABSINTA_2021_VSMC_DE_VASC_CLUSTERS,1.20644568821908e-06,7.34138504601419e-05,0.643551836150722,-0.518247317216059,-2.19019835119587,94,genotype
MOSET145,STANFORD_B-CELLS_EXPANDED_SW,1.42890741120645e-06,8.46627641139819e-05,0.643551836150722,-0.452947405037787,-1.98520130336948,162,genotype
MOSET6823,HSC_HEMAPOIETIC_STEM_CELL_PHILLIPS_PAPER,1.42890741120645e-06,8.46627641139819e-05,0.643551836150722,-0.405923292723702,-1.81462122663746,243,genotype
MOSET3628,MGI_MP:0003229__ABNORMAL_VITELLINE_VASCULATURE,1.480244799099e-06,8.65654848096466e-05,0.643551836150722,-0.565084869986639,-2.31949623562421,68,genotype
MOSET7741,LUO_2019_MICRO_ENDO_TYROBP_PDGFRB_DE_GLIAL_CLUSTERS,1.51446973551401e-06,8.74315028079432e-05,0.643551836150722,-0.568197597587363,-2.32640256815245,64,genotype
MOSET5672,MGI_MP:0002412__INCREASED_SUSCEPTIBILITY_TO_BACTERIAL_INFECTION,1.70270701964366e-06,9.70543001196888e-05,0.643551836150722,-0.490779885094608,-2.09734291029394,118,genotype
MOSET7611,ABSINTA_2021_LYMPHOCYTE,1.77132558138829e-06,9.97034886623931e-05,0.643551836150722,-0.436024933675329,-1.91859044495907,172,genotype
MOSET6892,Suva_single_cell_astrocytoma_Astro_program_genes_Fig2C,1.87450644343686e-06,0.000104208673022175,0.643551836150722,-0.621795320923414,-2.47692437717882,50,genotype
MOSET8652,AYHAN_2021_ASTRO3,2.11526236919782e-06,0.000116158859128021,0.627256739718528,-0.348723621993213,-1.59449195116319,497,genotype
MOSET7553,YANG_2021_MACROPHAGE_MICROGLIA,2.25283747106364e-06,0.000122223218460236,0.627256739718528,-0.436597836894602,-1.92726426980441,180,genotype
MOSET177,STANFORD_LYMPHNODE_SW,2.28723127327298e-06,0.00012261193361367,0.627256739718528,-0.417367881040782,-1.86183920940222,210,genotype
MOSET3568,MGI_MP:0005592__ABNORMAL_VASCULAR_SMOOTH_MUSCLE_MORPHOLOGY,2.35601890650416e-06,0.000124813566305744,0.627256739718528,-0.664523584641558,-2.56743649766523,37,genotype
MOSET7220,LAKE_2018_CER_END,2.42480657542776e-06,0.000126964000106409,0.627256739718528,-0.578520139886055,-2.34374142173714,59,genotype
MOSET51,OLDHAM_CORTEX_MODULE_ORANGE,2.63116976836225e-06,0.00013618571801075,0.627256739718528,-0.478719193159789,-2.05286026025232,124,genotype
MOSET226,HPRD_B_CELL_RECEPTOR_SIGNALING_PATHWAY,2.69995755349079e-06,0.000138158055265557,0.627256739718528,-0.438975402721324,-1.93369682019508,175,genotype
MOSET110,DANEMAN_PERICYTE,2.8031392750984e-06,0.000141826248941215,0.627256739718528,-0.464463408798721,-2.01256705194272,138,genotype
MOSET5809,MGI_MP:0006208__LETHALITY_THROUGHOUT_FETAL_GROWTH_AND_DEVELOPMENT,2.97510891468014e-06,0.000148854616031163,0.627256739718528,-0.422318027418534,-1.88178477996448,205,genotype
MOSET7311,TRAN_ACC_2020_MICRO,3.14707866533126e-06,0.000154035817717246,0.627256739718528,-0.660803855136904,-2.55306504492463,37,genotype
MOSET7477,TRAN_NAC_2020_MICRO,3.14707866533126e-06,0.000154035817717246,0.627256739718528,-0.660803855136904,-2.55306504492463,37,genotype
MOSET32,NIELSEN_UP_PROGENITOR_OLIGODENDROCYTES,3.69839908206845e-06,0.00017907409748983,0.627256739718528,-0.473189847069131,-2.03073000756849,123,genotype
MOSET58,OLDHAM_CORTEX_MODULE_TAN,3.83665303934798e-06,0.000183792006767914,0.610526878385931,-0.664790683563655,-2.5622450846012,35,genotype
MOSET4313,MGI_MP:0005602__DECREASED_ANGIOGENESIS,4.04403422392492e-06,0.000191687222214041,0.610526878385931,-0.660371589536878,-2.54784959630079,36,genotype
MOSET7432,TRAN_HIP_2020_MURAL,4.251415668083e-06,0.000199417966181018,0.610526878385931,-0.65725307428063,-2.53934633790458,37,genotype
MOSET7564,YANG_2021_CAPILLARY_DE_BEC_CLUSTERS,4.80443386596656e-06,0.000220758833657627,0.610526878385931,-0.553559284275626,-2.2677547628071,67,genotype
MOSET4932,MGI_MP:0003984__EMBRYONIC_GROWTH_RETARDATION,5.01181599684212e-06,0.000227961691250304,0.610526878385931,-0.398577832757529,-1.78075432753764,241,genotype
MOSET4338,MGI_MP:0001265__DECREASED_BODY_SIZE,5.42658065175288e-06,0.000244358926748432,0.610526878385931,-0.344232111890654,-1.57362008214545,495,genotype
MOSET7355,TRAN_AMY_2020_MICRO,5.56483563729838e-06,0.000245671126223084,0.610526878385931,-0.65687818819254,-2.53437133444654,36,genotype
MOSET7393,TRAN_DLPFC_2020_MICRO,5.56483563729838e-06,0.000245671126223084,0.610526878385931,-0.65687818819254,-2.53437133444654,36,genotype
MOSET6852,ZHANG_MOUSE_OPC_2014,6.46349399382293e-06,0.000282573917030919,0.610526878385931,-0.495254605086315,-2.09609025912203,95,genotype
MOSET7085,AGARWAL_CTX_2020_OPC,6.74000452423261e-06,0.00029182923435211,0.610526878385931,-0.401352307432096,-1.79495319808056,218,genotype
MOSET6782,HUMAN_RADIAL_GLIA_CANDIDATES_INTERSECT_MOSET6718_MOSET6750,7.29438803645544e-06,0.000309873861586404,0.610526878385931,-0.539321050781734,-2.22878140562875,74,genotype
MOSET3570,MGI_MP:0001614__ABNORMAL_VASCULATURE,7.43332459996087e-06,0.000309928339570591,0.610526878385931,-0.469116175425463,-2.0049596410932,116,genotype
MOSET5007,MGI_MP:0000691__ENLARGED_SPLEEN,7.43332459996087e-06,0.000309928339570591,0.610526878385931,-0.439464414938396,-1.92441167632553,157,genotype
MOSET8645,AYHAN_2021_OPC4,8.12800847413481e-06,0.000335783689532377,0.593325476396405,-0.347708911853521,-1.58141309598338,427,genotype
MOSET2164,MGI_MP:0002086__ABNORMAL_EXTRAEMBRYONIC_TISSUE_MORPHOLOGY,8.54481952027359e-06,0.000346642543241369,0.593325476396405,-0.488490411859007,-2.07547102148181,99,genotype
MOSET3242,MGI_MP:0005508__ABNORMAL_SKELETON_MORPHOLOGY,8.54481952027359e-06,0.000346642543241369,0.593325476396405,-0.544293689277746,-2.22853148612658,64,genotype
MOSET242,HPRD_T_CELL_RECEPTOR_SIGNALING_PATHWAY,1.04899428068214e-05,0.000421751896956399,0.593325476396405,-0.395193593940662,-1.76780626477563,251,genotype
MOSET6630,MGI_MP:0002006__TUMORIGENESIS,1.22961336597625e-05,0.000485697279560619,0.593325476396405,-0.353795491946482,-1.60566767871561,401,genotype
MOSET6783,HUMAN_RADIAL_GLIA_CANDIDATES_INTERSECT_MOSET6718_MOSET6745,1.22961336597625e-05,0.000485697279560619,0.593325476396405,-0.468814680791364,-2.00587451172406,115,genotype
MOSET2060,MGI_MP:0004787__ABNORMAL_DORSAL_AORTA_MORPHOLOGY,1.24350715531905e-05,0.000486914149600146,0.593325476396405,-0.595779639025357,-2.35997473409948,47,genotype
MOSET8677,AYHAN_2021_GRA_NEU6_DE_NEU_CLUSTERS,1.29908232832224e-05,0.000504290321071989,0.593325476396405,-0.380407871024226,-1.71123285151888,282,genotype
MOSET7768,JAKEL_2019_VSMC,1.35465752402808e-05,0.00052136947270927,0.593325476396405,-0.484413058263917,-2.0648983417261,102,genotype
MOSET1630,MGI_MP:0000272__ABNORMAL_AORTA_MORPHOLOGY,1.39633893407548e-05,0.000532857137300161,0.593325476396405,-0.555876571882972,-2.24870565443427,57,genotype
MOSET7606,ABSINTA_2021_ASTROCYTE,1.60570454727237e-05,0.000607603998014076,0.575610261071129,-0.355221014703791,-1.61211329661756,360,genotype
MOSET5996,MGI_MP:0000929__OPEN_NEURAL_TUBE,1.66155375631965e-05,0.00062349804705895,0.575610261071129,-0.484030629285387,-2.06435742196753,104,genotype
MOSET6808,HICKMAN_MICROGLIA_SENSOME_99,1.6894783777029e-05,0.000628737283867449,0.575610261071129,-0.491198899241863,-2.07714418718676,91,genotype
MOSET7518,VELMESHEV_2019_AST_PP,1.88495099548103e-05,0.000695732322348451,0.575610261071129,-0.413714855215048,-1.8272261079419,181,genotype
MOSET3556,MGI_MP:0000259__ABNORMAL_VASCULAR_DEVELOPMENT,2.27589725864291e-05,0.000833200435420246,0.575610261071129,-0.598254058508489,-2.33224463252278,42,genotype
MOSET1863,MGI_MP:0002824__ABNORMAL_CHORIOALLANTOIC_FUSION,2.47137074148311e-05,0.00085564460085907,0.575610261071129,-0.564384350515729,-2.24000674678907,49,genotype
MOSET265,GAD_CARDIOVASCULAR_DISEASES_CORONARY_ARTERY_DISEASE,2.38759636905636e-05,0.00085564460085907,0.575610261071129,-0.503562412842025,-2.08762140821354,77,genotype
MOSET4514,MGI_MP:0001805__DECREASED_IGG_LEVEL,2.49929553916361e-05,0.00085564460085907,0.575610261071129,-0.55339208423467,-2.24259884689832,58,genotype
MOSET6763,FIETZ_EXTRACELLULAR_MATRIX_GENE_CLUSTER_78_hIVZ+hOSVZ>hVZ+hCP,2.44344594715987e-05,0.00085564460085907,0.575610261071129,-0.511653422011545,-2.11951848302737,76,genotype
MOSET7452,TRAN_HIP_2020_MURAL_DE_PAIRWISE,2.41552115631034e-05,0.00085564460085907,0.575610261071129,-0.626520235332972,-2.42743684761508,38,genotype
MOSET7549,YANG_2021_BEC_ARTERIAL,2.52722034009008e-05,0.00085564460085907,0.575610261071129,-0.550135547163912,-2.22874776617464,59,genotype
MOSET7551,YANG_2021_BEC_VENOUS,2.38759636905636e-05,0.00085564460085907,0.575610261071129,-0.49899593751714,-2.08031904997169,81,genotype
MOSET7571,YANG_2021_PERICYTE2_DE_MURAL_CLUSTERS,2.52722034009008e-05,0.00085564460085907,0.575610261071129,-0.474421434231754,-2.02038207863712,107,genotype
MOSET7679,MORABITO_2021_ASTROCYTE4_DE_SUBTYPE_CLUSTERS,2.47137074148311e-05,0.00085564460085907,0.575610261071129,-0.357602419935036,-1.6230531436268,341,genotype
MOSET8654,AYHAN_2021_ASTRO1,2.49929553916361e-05,0.00085564460085907,0.575610261071129,-0.342169950600103,-1.55575330680954,421,genotype
MOSET7431,TRAN_HIP_2020_MICRO,2.55514514415612e-05,0.000858643177920524,0.575610261071129,-0.626729371640925,-2.42141573316415,37,genotype
MOSET5957,MGI_MP:0002058__NEONATAL_LETHALITY,2.75061885249455e-05,0.000910737992116395,0.575610261071129,-0.34080176609255,-1.55684788470428,485,genotype
MOSET7336,TRAN_ACC_2020_MICRO_DE_PAIRWISE,2.89051812184138e-05,0.000943188630626938,0.575610261071129,-0.625030105429632,-2.41485049125106,37,genotype
MOSET7502,TRAN_NAC_2020_MICRO_DE_PAIRWISE,2.89051812184138e-05,0.000943188630626938,0.575610261071129,-0.625030105429632,-2.41485049125106,37,genotype
MOSET7746,JAKEL_2019_ASTROCYTE1,3.00276779217528e-05,0.00097276714878887,0.575610261071129,-0.388641364281916,-1.73599751864642,245,genotype
MOSET308,GAD_STOMATOGNATHIC_DISEASES_PERIODONTITIS,3.11501758481462e-05,0.00100192315603002,0.557332238758646,-0.640808139584499,-2.43222562346485,32,genotype
MOSET7559,YANG_2021_PERICYTE,3.28339247566132e-05,0.00104858980978035,0.557332238758646,-0.44611709711071,-1.91454525409483,123,genotype
MOSET6830,SIM_HUMAN_OLIGODENDROCYTE_PRECURSOR_CELLS,3.39564252191442e-05,0.00106927120812452,0.557332238758646,-0.558445757815712,-2.2523861406218,55,genotype
MOSET7566,YANG_2021_ARTERIAL_DE_BEC_CLUSTERS,3.39564252191442e-05,0.00106927120812452,0.557332238758646,-0.511141045828741,-2.12483436427376,79,genotype
MOSET1731,MGI_MP:0002896__ABNORMAL_BONE_MINERALIZATION,3.50789265272251e-05,0.00108938211139376,0.557332238758646,-0.549602029288463,-2.21774880205042,56,genotype
MOSET7177,LAKE_2018_END,3.62014286022123e-05,0.00111654132188878,0.557332238758646,-0.592870931112182,-2.33535955549854,45,genotype
MOSET254,"GAD_NUTRITIONAL_AND_METABOLIC_DISEASES_DIABETES_MELLITUS,_TYPE_2",3.78851830035431e-05,0.00115268229097942,0.557332238758646,-0.404888678075795,-1.79683080796581,188,genotype
MOSET2836,MGI_MP:0000953__ABNORMAL_OLIGODENDROCYTE_MORPHOLOGY,3.78851830035431e-05,0.00115268229097942,0.557332238758646,-0.785479770695147,-2.59730183163652,14,genotype
MOSET409,"GAD_SKIN_AND_CONNECTIVE_TISSUE_DISEASES_SCLERODERMA,_SYSTEMIC",4.40589596772549e-05,0.00133152681494415,0.557332238758646,-0.710621564448399,-2.57812504439367,22,genotype
MOSET8673,AYHAN_2021_IN_NEU5_DE_NEU_CLUSTERS,4.51814659522444e-05,0.00135634760788638,0.557332238758646,-0.343269609918161,-1.5589298879845,386,genotype
MOSET7356,TRAN_AMY_2020_MURAL,4.91102405788506e-05,0.00145489087714845,0.557332238758646,-0.621467180191221,-2.39526706233309,35,genotype
MOSET7394,TRAN_DLPFC_2020_MURAL,4.91102405788506e-05,0.00145489087714845,0.557332238758646,-0.621467180191221,-2.39526706233309,35,genotype
MOSET2774,MGI_MP:0002151__ABNORMAL_NEURAL_TUBE_MORPHOLOGY/DEVELOPMENT,4.96714943970179e-05,0.00146190025666517,0.557332238758646,-0.451569940376862,-1.92995718265196,110,genotype
MOSET4507,MGI_MP:0002874__DECREASED_HEMOGLOBIN_CONTENT,5.36002728948461e-05,0.00155717437964834,0.557332238758646,-0.615186543050255,-2.37681915285471,37,genotype
MOSET7747,JAKEL_2019_ASTROCYTE2,5.47227815478533e-05,0.00157959413660246,0.557332238758646,-0.48984042682885,-2.05006822253432,83,genotype
MOSET2867,MGI_MP:0000057__ABNORMAL_OSTEOGENESIS,5.92238776115174e-05,0.00169863134321441,0.557332238758646,-0.540306161738536,-2.18956867979534,58,genotype
MOSET7520,VELMESHEV_2019_MICROGLIA,6.26079996471421e-05,0.00178432798994355,0.538434096309916,-0.404209379651738,-1.78639663684649,182,genotype
MOSET194,STANFORD_PINEAL_PITUITARY_SW,6.48640838088012e-05,0.00183699980749077,0.538434096309916,-0.449757126345035,-1.92433469591634,115,genotype
MOSET7621,ABSINTA_2021_MACROPHAGE_DE_MG_CLUSTERS,6.82482137019751e-05,0.00192076066437496,0.538434096309916,-0.480660073218782,-2.03215585296746,90,genotype
MOSET275,"GAD_PATHOLOGICAL_CONDITIONS,_SIGNS_AND_SYMPTOMS_DISEASE_PROGRESSION",7.05043024586755e-05,0.00194773542313752,0.538434096309916,-0.435910852847789,-1.87755767967635,130,genotype
MOSET60,OLDHAM_CORTEX_MODULE_TURQUOISE,7.05043024586755e-05,0.00194773542313752,0.538434096309916,-0.35145878782171,-1.58752416172137,311,genotype
MOSET1702,MGI_MP:0000179__ABNORMAL_BLOOD_CHEMISTRY,7.1632347424147e-05,0.00196683207592033,0.538434096309916,-0.516554527030223,-2.10713565098326,63,genotype
MOSET164,STANFORD_GLOMERULI_SW,7.27603927567627e-05,0.00197373523243194,0.538434096309916,-0.503970943280688,-2.09187838216671,78,genotype
MOSET7739,LUO_2019_MICRO_ENDO_TYROBP_CSF1R_DE_GLIAL_CLUSTERS,7.27603927567627e-05,0.00197373523243194,0.538434096309916,-0.525683644924936,-2.14460395663612,62,genotype
MOSET503,"GAD_FEMALE_UROGENITAL_DISEASES_AND_PREGNANCY_COMPLICATIONS_ABORTION,_SPONTANEOUS",8.8553058107092e-05,0.00237353821819188,0.538434096309916,-0.871758926857467,-2.67837189216822,9,genotype
MOSET173,STANFORD_LENS1_SW,8.96811073833323e-05,0.00238955045294169,0.538434096309916,-0.355582686786482,-1.59932953178573,297,genotype
MOSET2098,MGI_MP:0003396__ABNORMAL_EMBRYONIC_HEMATOPOIESIS,9.30652563073905e-05,0.00246513440677753,0.538434096309916,-0.704350391464205,-2.51577448401918,20,genotype
MOSET277,GAD_RESPIRATORY_TRACT_DISEASES_ASTHMA,9.41933062919942e-05,0.00248042373235585,0.538434096309916,-0.456142674011063,-1.94439071178547,102,genotype
MOSET7724,LUO_2019_INH_MGE_B3GAT2_STK32A_DE_NEURON_CLUSTERS,9.87055077897646e-05,0.00258413314870529,0.538434096309916,-0.470128434359017,-1.98804302323815,91,genotype
MOSET252,GAD_CARDIOVASCULAR_DISEASES_HYPERTENSION,0.000100961609401092,0.00262791981001803,0.538434096309916,-0.422767492320346,-1.84380708271646,148,genotype
MOSET2018,MGI_MP:0003009__ABNORMAL_CYTOKINE_SECRETION,0.000112242124695406,0.00287174026990577,0.538434096309916,-0.432617716822114,-1.855166309258,124,genotype
MOSET6798,VERHAAK_TCGA_CLASSIC__GBM_SUBTYPE,0.000113370176802477,0.00288421415899184,0.538434096309916,-0.415079734767549,-1.80138220412799,141,genotype
MOSET337,GAD_NERVOUS_SYSTEM_DISEASES_CEREBROVASCULAR_ACCIDENT,0.000114498229002158,0.00289654789436357,0.538434096309916,-0.569011676793455,-2.21824559344046,42,genotype
MOSET6032,MGI_MP:0001722__PALE_YOLK_SAC,0.000119032666996162,0.00294507746969075,0.538434096309916,-0.559590286697006,-2.22913035159848,50,genotype
MOSET6805,BUTOVSKY_MICROGLIA_top40,0.000119032666996162,0.00294507746969075,0.538434096309916,-0.578443061386151,-2.24255581365311,39,genotype
MOSET7665,MORABITO_2021_OPC1_DE_SUBTYPE_CLUSTERS,0.000119032666996162,0.00294507746969075,0.538434096309916,-0.396677170017407,-1.74545299901474,172,genotype
MOSET7666,MORABITO_2021_OPC2_DE_SUBTYPE_CLUSTERS,0.000119032666996162,0.00294507746969075,0.538434096309916,-0.396677170017407,-1.74545299901474,172,genotype
MOSET6888,Costello_Mesenchymal_Stem_Cell_or_CAF_signature_Top100,0.000121299887990532,0.00298477265366866,0.538434096309916,-0.474028132721818,-2.00307943645377,93,genotype
MOSET128,THOMAS_DOWN_IN_HD_MODEL,0.000132636010205156,0.00317691464869051,0.518848077743792,-0.32551361543688,-1.48788878071519,494,genotype
MOSET2969,MGI_MP:0003710__ABNORMAL_PHYSIOLOGICAL_NEOVASCULARIZATION,0.000132636010205156,0.00317691464869051,0.518848077743792,-0.860007527979707,-2.64226716702212,9,genotype
MOSET7707,LUO_2019_INH_CGE_NDNF_IGSF3_DE_NEURON_CLUSTERS,0.000132636010205156,0.00317691464869051,0.518848077743792,-0.535785332322046,-2.12649900397718,49,genotype
MOSET7132,HABIB_2017_MG,0.000139437695309842,0.00330467337884325,0.518848077743792,-0.565353208575474,-2.20398335360557,42,genotype
MOSET8686,AYHAN_2021_INH_GAD1_4_DE_IN_GAD1_CLUSTERS,0.000139437695309842,0.00330467337884325,0.518848077743792,-0.343462693172628,-1.55428130698014,324,genotype
MOSET6736,BERNARD_LAYER_II_CORTEX_ENRICHED,0.000141704925358148,0.00332342332754032,0.518848077743792,-0.325800781034491,-1.4862169036941,460,genotype
MOSET7563,YANG_2021_PERICYTE_MENINGEAL_MACROPHAGE_DE_MYELOID_CLUSTERS,0.000141704925358148,0.00332342332754032,0.518848077743792,-0.50614874301135,-2.06468824739809,63,genotype
MOSET1603,MGI_MP:0001726__ABNORMAL_ALLANTOIS_MORPHOLOGY,0.000143972156180359,0.00335910165430133,0.518848077743792,-0.571868722967265,-2.21706787572735,39,genotype
MOSET6835,Tesar_OPC_genes,0.000146239387740484,0.00339441218038866,0.518848077743792,-0.47058015615209,-1.98390227949046,89,genotype
MOSET3096,MGI_MP:0005325__ABNORMAL_RENAL_GLOMERULUS_MORPHOLOGY,0.000150773852941339,0.00342896292825682,0.518848077743792,-0.48796566216951,-2.02120399727212,75,genotype
MOSET3643,MGI_MP:0001718__ABNORMAL_YOLK_SAC_MORPHOLOGY,0.000150773852941339,0.00342896292825682,0.518848077743792,-0.462657342392228,-1.96038616424731,96,genotype
MOSET4546,MGI_MP:0008119__DECREASED_LANGERHANS_CELL_NUMBER,0.000150773852941339,0.00342896292825682,0.518848077743792,-0.89845360220601,-2.71499872821057,7,genotype
MOSET6809,HICKMAN_MICROGLIA_SENSOME_82,0.00015530832071387,0.00349676684087277,0.518848077743792,-0.497998109958117,-2.058011505214,74,genotype
MOSET7056,kelley_Choroid,0.00015530832071387,0.00349676684087277,0.518848077743792,-0.426031871446753,-1.83498478566259,129,genotype
MOSET3344,MGI_MP:0003395__ABNORMAL_SUBCLAVIAN_ARTERY_MORPHOLOGY,0.000159842790839238,0.00356322815420341,0.518848077743792,-0.789450649718696,-2.54190234972454,12,genotype
MOSET6775,WATKINS_MEGAKARYOCYTES,0.000159842790839238,0.00356322815420341,0.518848077743792,-0.367512860715479,-1.64408749153028,233,genotype
MOSET334,GAD_CARDIOVASCULAR_DISEASES_ARTERIOSCLEROSIS,0.000162110026722544,0.00359596773562371,0.518848077743792,-0.570181987574489,-2.21052860070848,39,genotype
MOSET120,PALMER_B-LYMPHOCYTES,0.000166644500018762,0.00366048870041213,0.518848077743792,-0.362085184678869,-1.61941555071586,261,genotype
MOSET6803,SAM_GLIOMA_TURQUOISE_SEED_GENES_IDH1_MODULE_134GENES,0.000166644500018762,0.00366048870041213,0.518848077743792,-0.435426714868424,-1.860673782048,119,genotype
MOSET5956,MGI_MP:0001651__NECROSIS,0.000175713452177056,0.00382240422779364,0.518848077743792,-0.593406622898182,-2.29267080476436,37,genotype
MOSET8649,AYHAN_2021_MICRO3,0.000175713452177056,0.00382240422779364,0.518848077743792,-0.385026734536999,-1.71329770610459,198,genotype
MOSET6353,MGI_MP:0001786__SKIN_EDEMA,0.000187049651419578,0.00403006976240363,0.518848077743792,-0.680456171706433,-2.46868542365489,22,genotype
MOSET2007,MGI_MP:0000428__ABNORMAL_CRANIOFACIAL_MORPHOLOGY,0.000191584133564206,0.00408864148549583,0.518848077743792,-0.507032940170056,-2.05111691554591,57,genotype
MOSET375,"GAD_PATHOLOGICAL_CONDITIONS,_SIGNS_AND_SYMPTOMS_BODY_WEIGHT",0.000191584133564206,0.00408864148549583,0.518848077743792,-0.551386282174865,-2.18526265111999,48,genotype
MOSET6755,FIETZ_mSVZ<mVZ+mCP,0.0002346841032123,0.00491526751983714,0.518848077743792,-0.362605535966675,-1.62149807373878,256,genotype
MOSET7677,MORABITO_2021_ASTROCYTE1_DE_SUBTYPE_CLUSTERS,0.0002346841032123,0.00491526751983714,0.518848077743792,-0.322856319316056,-1.47498454769855,487,genotype
MOSET8651,AYHAN_2021_MICRO1,0.0002346841032123,0.00491526751983714,0.518848077743792,-0.340448419152955,-1.54446663535507,352,genotype
MOSET4361,MGI_MP:0000352__DECREASED_CELL_PROLIFERATION,0.000248354604182293,0.00510657891613181,0.49849310876659,-0.421495884698981,-1.81546944770582,130,genotype
MOSET6113,MGI_MP:0001732__POSTNATAL_GROWTH_RETARDATION,0.000248354604182293,0.00510657891613181,0.49849310876659,-0.326716717581219,-1.48583385031932,429,genotype
MOSET66,OLDHAM_CAUDATE_NUCLEUS_MODULE_ORANGE,0.000248354604182293,0.00510657891613181,0.49849310876659,-0.563546882890497,-2.18480507910961,39,genotype
MOSET7705,LUO_2019_INH_CGE_LAMP5_PLD5_DE_NEURON_CLUSTERS,0.000252911442712927,0.00517663739334686,0.49849310876659,-0.475394016037276,-1.97898550882619,80,genotype
MOSET3451,MGI_MP:0000703__ABNORMAL_THYMUS_MORPHOLOGY,0.000257468283464926,0.00524606190245503,0.49849310876659,-0.539596676355595,-2.13742538245598,47,genotype
MOSET1859,MGI_MP:0005278__ABNORMAL_CHOLESTEROL_HOMEOSTASIS,0.000266581971177441,0.00538304312202697,0.49849310876659,-0.645673622535295,-2.36604632659575,24,genotype
MOSET8655,AYHAN_2021_ENDO,0.000266581971177441,0.00538304312202697,0.49849310876659,-0.395754508240439,-1.73094245760531,155,genotype
MOSET187,STANFORD_NCI57SMOOTHMUSCLE-PUTATIVE_SW,0.000280252516753494,0.00560878703529327,0.49849310876659,-0.575191310817805,-2.2329068490772,40,genotype
MOSET7025,kelley_astro,0.000280252516753494,0.00560878703529327,0.49849310876659,-0.544862933168793,-2.15940921333231,48,genotype
MOSET3561,MGI_MP:0006055__ABNORMAL_VASCULAR_ENDOTHELIAL_CELL_MORPHOLOGY,0.000284809368655593,0.00567476365954043,0.49849310876659,-0.591827227287559,-2.24631564106895,32,genotype
MOSET5970,MGI_MP:0003012__NO_PHENOTYPIC_ANALYSIS,0.000303036791116907,0.00601134216034992,0.49849310876659,-0.329412439266285,-1.49555835957355,384,genotype
MOSET1776,MGI_MP:0000130__ABNORMAL_CANCELLOUS_BONE_MORPHOLOGY,0.000307593650115447,0.00602214872378198,0.49849310876659,-0.482564979199984,-1.98691739333994,69,genotype
MOSET7375,TRAN_AMY_2020_MURAL_DE_PAIRWISE,0.000307593650115447,0.00602214872378198,0.49849310876659,-0.587750035223303,-2.26531399425198,35,genotype
MOSET7413,TRAN_DLPFC_2020_MURAL_DE_PAIRWISE,0.000307593650115447,0.00602214872378198,0.49849310876659,-0.587750035223303,-2.26531399425198,35,genotype
MOSET5542,MGI_MP:0001846__INCREASED_INFLAMMATORY_RESPONSE,0.000312150510348751,0.00608490800043475,0.49849310876659,-0.499887547704029,-2.03545590843599,61,genotype
MOSET4810,MGI_MP:0001194__DERMATITIS,0.000316707371763528,0.00614712627177226,0.49849310876659,-0.559257684688194,-2.16817636142487,39,genotype
MOSET7778,JAKEL_2019_OPCS_DE_OG_CLUSTERS,0.000325821097939234,0.00629687727047369,0.49849310876659,-0.771045432462162,-2.45047759145168,11,genotype
MOSET7016,Layer2_He_NatNeuro_2017,0.000330377962607867,0.00635765797274883,0.49849310876659,-0.330430052975188,-1.50049863734117,396,genotype
MOSET5365,MGI_MP:0005605__INCREASED_BONE_MASS,0.000334934828273008,0.00641792141154619,0.49849310876659,-0.703462015438058,-2.39658516245254,16,genotype
MOSET241,HPRD_TNF_ALPHA_SIGNALING_PATHWAY,0.000344048562434444,0.00656462151119619,0.49849310876659,-0.348674454216205,-1.56114131595825,267,genotype
MOSET1611,MGI_MP:0005029__ABNORMAL_AMNION_MORPHOLOGY,0.000353162300127238,0.00671008370241753,0.49849310876659,-0.638241671412576,-2.32591283982154,23,genotype
MOSET1777,MGI_MP:0003658__ABNORMAL_CAPILLARY_MORPHOLOGY,0.000357719170213556,0.00673978838272654,0.49849310876659,-0.637920293282592,-2.32474165725474,23,genotype
MOSET2746,MGI_MP:0000737__ABNORMAL_MYOTOME_DEVELOPMENT,0.000357719170213556,0.00673978838272654,0.49849310876659,-0.753413549344681,-2.47033878437745,13,genotype
MOSET7734,LUO_2019_INH_MGE_UNC5B_DCLK1_DE_NEURON_CLUSTERS,0.000362276041084901,0.00679720422085545,0.49849310876659,-0.465168590868149,-1.94342140738787,82,genotype
MOSET4935,MGI_MP:0006205__EMBRYONIC_LETHALITY_BEFORE_SOMITE_FORMATION,0.000394174156878264,0.00733457119182984,0.49849310876659,-0.374488005016625,-1.6646524654675,192,genotype
MOSET6033,MGI_MP:0003717__PALLOR,0.000394174156878264,0.00733457119182984,0.49849310876659,-0.461984782192216,-1.93011981725624,82,genotype
MOSET6715,KAWAGUCHI_E14_CORTICAL_APICAL_PROGENITOR_CELLS,0.000403287909862777,0.00747327349017319,0.49849310876659,-0.41181795916118,-1.77729698223643,132,genotype
MOSET3502,MGI_MP:0002530__ABNORMAL_TUMOR_NECROSIS_FACTOR_PHYSIOLOGY,0.000412401665039535,0.00757977427621644,0.49849310876659,-0.571887294332585,-2.2157628958433,38,genotype
MOSET6891,Suva_single_cell_astrocytoma_Oligo_program_genes_Fig2C,0.000412401665039535,0.00757977427621644,0.49849310876659,-0.538516495303096,-2.14518281152109,50,genotype
MOSET108,DOYLE_STRIATAL_CHOLINERGIC_NEURONS,0.00042151542226635,0.00759233578586149,0.49849310876659,-0.359068061988247,-1.60507622678464,247,genotype
MOSET2625,MGI_MP:0000458__ABNORMAL_MANDIBLE_MORPHOLOGY,0.00042151542226635,0.00759233578586149,0.49849310876659,-0.55169559106388,-2.13885901257474,39,genotype
MOSET4019,MGI_MP:0001719__ABSENT_VITELLINE_BLOOD_VESSELS,0.00042151542226635,0.00759233578586149,0.49849310876659,-0.527997890881534,-2.06754779012056,44,genotype
MOSET4700,MGI_MP:0005166__DECREASED_SUSCEPTIBILITY_TO_INJURY,0.00042151542226635,0.00759233578586149,0.49849310876659,-0.748141873895199,-2.45305368997899,13,genotype
MOSET6813,MONOCYTES_PHILLIPS_PAPER,0.000416958543405087,0.00759233578586149,0.49849310876659,-0.479763933069256,-1.97791976901155,72,genotype
MOSET2728,MGI_MP:0002108__ABNORMAL_MUSCLE_MORPHOLOGY,0.00042607230160742,0.00761350624658021,0.49849310876659,-0.589808331794713,-2.23605114134394,31,genotype
MOSET6812,M2_MACROPHAGES_PHILLIPS_PAPER,0.00042607230160742,0.00761350624658021,0.49849310876659,-0.536898266345435,-2.12784352245395,48,genotype
MOSET4519,MGI_MP:0001806__DECREASED_IGM_LEVEL,0.000435186061668697,0.00768487386546722,0.49849310876659,-0.54286665242174,-2.13838924724532,45,genotype
MOSET5195,MGI_MP:0002192__HYDROPS_FETALIS,0.000435186061668697,0.00768487386546722,0.49849310876659,-0.570518368306177,-2.2104590264856,38,genotype
MOSET7616,ABSINTA_2021_HOMEOSTATIC_MICROGLIA_DE_MG_CLUSTERS,0.000435186061668697,0.00768487386546722,0.49849310876659,-0.456638090599069,-1.92207099789021,87,genotype
MOSET7178,LAKE_2018_PER,0.000457970469226499,0.0080556289958083,0.49849310876659,-0.503989728885943,-2.04239781711247,58,genotype
MOSET8680,AYHAN_2021_GRA_NEU7_DE_NEU_CLUSTERS,0.000462527351907379,0.00810412710365342,0.49849310876659,-0.383335157158148,-1.68437089936831,169,genotype
MOSET4513,MGI_MP:0002492__DECREASED_IGE_LEVEL,0.000471686013033532,0.00823256634375967,0.49849310876659,-0.662531425142907,-2.40365469514652,22,genotype
MOSET1771,MGI_MP:0000076__ABNORMAL_CALVARIA_MORPHOLOGY,0.000490003351736254,0.00838967715919525,0.477270815362862,-0.532928202405022,-2.11210930357327,48,genotype
MOSET7451,TRAN_HIP_2020_MICRO_DE_PAIRWISE,0.000490003351736254,0.00838967715919525,0.477270815362862,-0.565887012746588,-2.18634673570542,37,genotype
MOSET7565,YANG_2021_VENOUS_DE_BEC_CLUSTERS,0.000490003351736254,0.00838967715919525,0.477270815362862,-0.4189005692143,-1.79034273150763,116,genotype
MOSET5151,MGI_MP:0005377__HEARING/VESTIBULAR/EAR_PHENOTYPE,0.000499162028709268,0.0085141159669615,0.477270815362862,-0.318667667368949,-1.45109240148545,445,genotype
MOSET6894,Suva_single_cell_microglia_PC1_High_fig5a,0.000508320710397255,0.00860514345458211,0.477270815362862,-0.444919589250213,-1.880303319321,94,genotype
MOSET384,GAD_CARDIOVASCULAR_DISEASES_DIABETIC_ANGIOPATHIES,0.000517479396549912,0.0087273772384429,0.477270815362862,-0.565953578494386,-2.18356546426106,36,genotype
MOSET5716,MGI_MP:0008560__INCREASED_TUMOR_NECROSIS_FACTOR_SECRETION,0.000554114181380259,0.00927574780206433,0.477270815362862,-0.653151610737761,-2.34636873546638,21,genotype
MOSET4982,MGI_MP:0000702__ENLARGED_LYMPH_NODES,0.000563272886661975,0.00939414003199582,0.477270815362862,-0.478245375073376,-1.97638196719094,74,genotype
MOSET3583,MGI_MP:0000281__ABNORMAL_VENTRICULAR_SEPTUM_MORPHOLOGY,0.000572431595224954,0.00944197609266655,0.477270815362862,-0.409742248298415,-1.76875731697744,133,genotype
MOSET524,GAD_CARDIOVASCULAR_DISEASES_ATHEROSCLEROSIS,0.000572431595224954,0.00944197609266655,0.477270815362862,-0.607924728474837,-2.26796331329498,28,genotype
MOSET7078,AGARWAL_CTX_2020_IN4B,0.000572431595224954,0.00944197609266655,0.477270815362862,-0.374230946211155,-1.6674128089326,200,genotype
MOSET5870,MGI_MP:0001182__LUNG_HEMORRHAGE,0.000581590306914199,0.00955803340158627,0.477270815362862,-0.626702015898962,-2.29652559874681,24,genotype
MOSET5315,MGI_MP:0001701__INCOMPLETE_EMBRYO_TURNING,0.000590749021584325,0.00963819871084861,0.477270815362862,-0.538196296941452,-2.119992394362,45,genotype
MOSET6098,MGI_MP:0000562__POLYDACTYLY,0.000590749021584325,0.00963819871084861,0.477270815362862,-0.507458241760858,-2.0418182017508,54,genotype
MOSET6960,GOKCE_OPC_STR,0.000599907739098823,0.0097172106084964,0.477270815362862,-0.535649599225023,-2.08818625622046,42,genotype
MOSET7061,kelley_OPC,0.000599907739098823,0.0097172106084964,0.477270815362862,-0.400969824552487,-1.73923325427474,139,genotype
MOSET4505,MGI_MP:0000208__DECREASED_HEMATOCRIT,0.000609066459329393,0.00983020167154214,0.477270815362862,-0.488880619264957,-1.9805875001715,59,genotype
MOSET8683,AYHAN_2021_INH_GAD1_1_DE_IN_GAD1_CLUSTERS,0.000627383907463009,0.0100896776260926,0.477270815362862,-0.336510207478275,-1.52142617592003,318,genotype
MOSET219,STANFORD_THYMUS_SW,0.000636542635145292,0.0101643669718413,0.477270815362862,-0.360224071165436,-1.61164997915522,226,genotype
MOSET3447,MGI_MP:0002371__ABNORMAL_THYMUS_CORTEX_MORPHOLOGY,0.000636542635145292,0.0101643669718413,0.477270815362862,-0.720545772340468,-2.38258822709285,14,genotype
MOSET6943,ZEISEL_MURAL,0.000645701365101155,0.0102380043910229,0.477270815362862,-0.40082196473195,-1.74809650908802,148,genotype
MOSET8650,AYHAN_2021_MICRO2,0.000645701365101155,0.0102380043910229,0.477270815362862,-0.364651700863218,-1.62228450803613,203,genotype
MOSET1640,MGI_MP:0002191__ABNORMAL_ARTERY_MORPHOLOGY,0.000654860097235212,0.0102746864733455,0.477270815362862,-0.530513432057411,-2.07478781114448,43,genotype
MOSET72,OLDHAM_CAUDATE_NUCLEUS_MODULE_TURQUOISE,0.000654860097235212,0.0102746864733455,0.477270815362862,-0.514445052195463,-2.05777901712835,51,genotype
MOSET8670,AYHAN_2021_IN_NEU1_DE_NEU_CLUSTERS,0.000654860097235212,0.0102746864733455,0.477270815362862,-0.325552092739772,-1.47865487617761,374,genotype
MOSET7079,AGARWAL_CTX_2020_IN5,0.000664018831457345,0.0103822111043487,0.477270815362862,-0.382331039050887,-1.67731866278242,165,genotype
MOSET5378,MGI_MP:0000351__INCREASED_CELL_PROLIFERATION,0.000673177567682334,0.0104169023617648,0.477270815362862,-0.513694176295238,-2.05477551526677,51,genotype
MOSET7131,HABIB_2017_OPC,0.000673177567682334,0.0104169023617648,0.477270815362862,-0.60313054918517,-2.2500778379441,28,genotype
MOSET1468,GAD_NERVOUS_SYSTEM_DISEASES_SPINAL_DYSRAPHISM,0.000691495045822583,0.0106637061347229,0.477270815362862,-0.921588473972155,-2.55833418614736,5,genotype
MOSET323,"GAD_PATHOLOGICAL_CONDITIONS,_SIGNS_AND_SYMPTOMS_INFLAMMATION",0.000700653787589093,0.0107680682782037,0.477270815362862,-0.556168822952176,-2.15906108221181,40,genotype
MOSET3205,MGI_MP:0002746__ABNORMAL_SEMILUNAR_VALVE_MORPHOLOGY,0.000709812531060426,0.0108717205012418,0.477270815362862,-0.644234717591985,-2.3143358675215,21,genotype
MOSET204,STANFORD_SALIVARYGLANDS_SW,0.000755606271819848,0.0114949156824486,0.477270815362862,-0.448047422247647,-1.8718911143505,82,genotype
MOSET89,DOYLE_CEREBELLAR_OLIGODENDROCYTES_CMTM5,0.000755606271819848,0.0114949156824486,0.477270815362862,-0.378164292004778,-1.66582246847482,175,genotype
MOSET162,STANFORD_FIBROBLASTSERUM4HR_SW,0.000783082533027127,0.0118727967886234,0.477270815362862,-0.507813486455984,-2.0312527695317,51,genotype
MOSET153,STANFORD_CERVIX_SW,0.000801400046680862,0.0121097463429662,0.477270815362862,-0.442173715914581,-1.86847365493521,93,genotype
MOSET3393,MGI_MP:0002145__ABNORMAL_T_CELL_DIFFERENTIATION,0.000810558805236665,0.012207178260805,0.477270815362862,-0.461435804470835,-1.91149257335461,76,genotype
MOSET2806,MGI_MP:0002233__ABNORMAL_NOSE_MORPHOLOGY,0.000819717564893581,0.0123039606490526,0.477270815362862,-0.618489841864089,-2.26643240068138,24,genotype
MOSET5697,MGI_MP:0005348__INCREASED_T_CELL_PROLIFERATION,0.000847193850113918,0.0126741325816046,0.477270815362862,-0.499366246040501,-2.00925910074382,54,genotype
MOSET7572,YANG_2021_SMC_DE_MURAL_CLUSTERS,0.000865511378471491,0.0129052905207189,0.477270815362862,-0.388149892906369,-1.69655631556223,153,genotype
MOSET7562,YANG_2021_MICROGLIA_DE_MYELOID_CLUSTERS,0.000874670144021558,0.0129988107542214,0.477270815362862,-0.411306285197786,-1.75190571476387,106,genotype
MOSET353,"GAD_PARASITIC_DISEASES_MALARIA,_FALCIPARUM",0.000883828910447924,0.013048792077859,0.477270815362862,-0.744366818540052,-2.36568966218744,11,genotype
MOSET7618,ABSINTA_2021_MONOCYTE_DE_MG_CLUSTERS,0.000883828910447924,0.013048792077859,0.477270815362862,-0.364619632636628,-1.60872358046532,178,genotype
MOSET3934,MGI_MP:0006345__ABSENT_SECOND_BRANCHIAL_ARCH,0.00094803053059884,0.0139054771312266,0.477270815362862,-0.813445132963216,-2.49920994534988,9,genotype
MOSET1678,MGI_MP:0001231__ABNORMAL_BASAL_CELL_LAYER_MORPHOLOGY,0.000966438317610918,0.0141294537149414,0.477270815362862,-0.603508746823158,-2.23495669378894,27,genotype
MOSET217,STANFORD_TCELL_FROM_GC_SW,0.00100325392285567,0.0145730723052228,0.45505986738723,-0.442934811027295,-1.85375998183705,83,genotype
MOSET6796,PHILLIPS_MOST_DIFF_EXP_IN_PN_SUBTYPE_338_GENES,0.00104006956604479,0.0149630455460053,0.45505986738723,-0.366432689324605,-1.62965094991818,196,genotype
MOSET7332,TRAN_ACC_2020_INHIB_H_DE_PAIRWISE,0.00104006956604479,0.0149630455460053,0.45505986738723,-0.591358461736292,-2.20616012707563,28,genotype
MOSET7498,TRAN_NAC_2020_INHIB_H_DE_PAIRWISE,0.00104006956604479,0.0149630455460053,0.45505986738723,-0.591358461736292,-2.20616012707563,28,genotype
MOSET251,GAD_NERVOUS_SYSTEM_DISEASES_ALZHEIMER_DISEASE,0.0010584774006314,0.0150357215616505,0.45505986738723,-0.418036212543855,-1.78361837850241,103,genotype
MOSET3396,MGI_MP:0002444__ABNORMAL_T_CELL_PHYSIOLOGY,0.0010584774006314,0.0150357215616505,0.45505986738723,-0.442412761380132,-1.85157511237014,83,genotype
MOSET4711,MGI_MP:0005616__DECREASED_SUSCEPTIBILITY_TO_TYPE_IV_HYPERSENSITIVITY_REACTION,0.0010584774006314,0.0150357215616505,0.45505986738723,-0.599723573498532,-2.19800355374224,25,genotype
MOSET5724,MGI_MP:0005588__INCREASED_VASOCONSTRICTION,0.0010584774006314,0.0150357215616505,0.45505986738723,-0.912425874816839,-2.53289876533315,5,genotype
MOSET4609,MGI_MP:0004985__DECREASED_OSTEOCLAST_CELL_NUMBER,0.00113210881573487,0.0159808338471915,0.45505986738723,-0.681488542766514,-2.32172497467199,16,genotype
MOSET7052,kelley_oligo,0.00113210881573487,0.0159808338471915,0.45505986738723,-0.390883899112808,-1.6954848825752,139,genotype
MOSET7527,YANG_PFC_2021_OPC,0.00116892456426477,0.0163977174856208,0.45505986738723,-0.332786073763284,-1.50458729054642,317,genotype
MOSET315,GAD_NEOPLASMS_COLORECTAL_NEOPLASMS,0.00118733244766264,0.0166042174280275,0.45505986738723,-0.44011888736778,-1.84593111870279,84,genotype
MOSET256,GAD_EYE_DISEASES_GRAVES_DISEASE,0.001224148231351,0.0169610445716109,0.45505986738723,-0.596465694812175,-2.18606333787161,25,genotype
MOSET6673,MGI_MP:0000255__VASCULATURE_CONGESTION,0.001224148231351,0.0169610445716109,0.45505986738723,-0.60339097518916,-2.22119206478904,26,genotype
MOSET279,"GAD_PATHOLOGICAL_CONDITIONS,_SIGNS_AND_SYMPTOMS_CHRONIC_DISEASE",0.00126096403591905,0.0173642845680229,0.45505986738723,-0.480934373960951,-1.94896693177351,58,genotype
MOSET3131,MGI_MP:0002424__ABNORMAL_RETICULOCYTE_MORPHOLOGY/DEVELOPMENT,0.00127937194546974,0.0174576117286371,0.45505986738723,-0.730842279845049,-2.35319295649213,12,genotype
MOSET4816,MGI_MP:0005036__DIARRHEA,0.00127937194546974,0.0174576117286371,0.45505986738723,-0.66996215873675,-2.35213909752995,18,genotype
MOSET7278,MATHYS_2019_MIC3_DE_SUBTYPE_CLUSTERS,0.00127937194546974,0.0174576117286371,0.45505986738723,-0.463092651377553,-1.90943030893058,70,genotype
MOSET4693,MGI_MP:0008734__DECREASED_SUSCEPTIBILITY_TO_ENDOTOXIN_SHOCK,0.00129777985959004,0.0176021165895601,0.45505986738723,-0.591740758517799,-2.19137663902762,27,genotype
MOSET6740,BERNARD_LAYER_VI_CORTEX_ENRICHED,0.00129777985959004,0.0176021165895601,0.45505986738723,-0.341569433995334,-1.52770361062745,248,genotype
MOSET2387,MGI_MP:0001657__ABNORMAL_INDUCED_MORBIDITY/MORTALITY,0.00133459570078322,0.0179930671875055,0.45505986738723,-0.383396267864857,-1.67343662875798,151,genotype
MOSET7082,AGARWAL_CTX_2020_IN8,0.00133459570078322,0.0179930671875055,0.45505986738723,-0.419988958240616,-1.78781019069092,101,genotype
MOSET335,GAD_NERVOUS_SYSTEM_DISEASES_BRAIN_ISCHEMIA,0.00135300362750369,0.0180788585597896,0.45505986738723,-0.552305837007841,-2.10648463218583,33,genotype
MOSET5055,MGI_MP:0000240__EXTRAMEDULLARY_HEMATOPOIESIS,0.00135300362750369,0.0180788585597896,0.45505986738723,-0.473034241588636,-1.92151804617398,60,genotype
MOSET5286,MGI_MP:0001798__IMPAIRED_MACROPHAGE_PHAGOCYTOSIS,0.00135300362750369,0.0180788585597896,0.45505986738723,-0.700417240615832,-2.31603034200526,14,genotype
MOSET3316,MGI_MP:0002357__ABNORMAL_SPLEEN_WHITE_PULP_MORPHOLOGY,0.00137141155808757,0.018216714590172,0.45505986738723,-0.561065671678029,-2.12708344032214,31,genotype
MOSET7710,LUO_2019_INH_CGE_NDNF_SCN5A_DE_NEURON_CLUSTERS,0.00137141155808757,0.018216714590172,0.45505986738723,-0.472361165904305,-1.91878393739247,60,genotype
MOSET6079,MGI_MP:0001186__PIGMENTATION_PHENOTYPE,0.00138981949238136,0.0184069328652744,0.45505986738723,-0.362333526595425,-1.59944095125732,180,genotype
MOSET7650,MORABITO_2021_OLIGO7_DE_SUBTYPE_CLUSTERS,0.0014082274302396,0.0185960355377388,0.45505986738723,-0.3090580104733,-1.40246749817896,404,genotype
MOSET6010,MGI_MP:0005395__OTHER_PHENOTYPE,0.00142663537152433,0.018784032391737,0.45505986738723,-0.383511157694755,-1.67464476392367,152,genotype
MOSET11,CIRELLI_WAKE_UP_CORTEX,0.00144504331610459,0.0188609566736782,0.45505986738723,-0.488749030643992,-1.96448054865713,53,genotype
MOSET5693,MGI_MP:0002418__INCREASED_SUSCEPTIBILITY_TO_VIRAL_INFECTION,0.00144504331610459,0.0188609566736782,0.45505986738723,-0.485048971410483,-1.95165185440647,54,genotype
MOSET8641,AYHAN_2021_OLIG4,0.00144504331610459,0.0188609566736782,0.45505986738723,-0.312149906826011,-1.41923037571546,431,genotype
MOSET7754,JAKEL_2019_MICROGLIA_MACROPHAGE,0.00148185921466055,0.0192855839410881,0.45505986738723,-0.381736519428973,-1.66619220814169,151,genotype
MOSET149,STANFORD_BUFFYCOAT_SW,0.00151867512498459,0.0194278241130841,0.45505986738723,-0.389478982989327,-1.68088789163398,132,genotype
MOSET3680,MGI_MP:0001721__ABSENT_BLOOD_ISLANDS,0.0015002671684057,0.0194278241130841,0.45505986738723,-0.707060974337314,-2.31835510437056,13,genotype
MOSET4515,MGI_MP:0008495__DECREASED_IGG1_LEVEL,0.00151867512498459,0.0194278241130841,0.45505986738723,-0.537209220764738,-2.08545943909951,40,genotype
MOSET6306,MGI_MP:0000547__SHORT_LIMBS,0.00151867512498459,0.0194278241130841,0.45505986738723,-0.455980535448668,-1.8774583651085,69,genotype
MOSET77,OLDHAM_CEREBELLUM_MODULE_DARKBLUE,0.00151867512498459,0.0194278241130841,0.45505986738723,-0.868350249074296,-2.51554791271368,6,genotype
MOSET123,PALMER_GRANULOCYTES,0.00159230697767204,0.0201976290717105,0.45505986738723,-0.323331465750681,-1.45588970129932,301,genotype
MOSET298,GAD_CARDIOVASCULAR_DISEASES_VENOUS_THROMBOSIS,0.00159230697767204,0.0201976290717105,0.45505986738723,-0.584059705472577,-2.16293161481027,27,genotype
MOSET317,GAD_DIGESTIVE_SYSTEM_DISEASES_CROHN_DISEASE,0.00159230697767204,0.0201976290717105,0.45505986738723,-0.504268547628502,-1.9721465526436,43,genotype
MOSET1755,MGI_MP:0002884__ABNORMAL_BRANCHIAL_ARCH_MORPHOLOGY,0.00164753089240322,0.0208394146305946,0.45505986738723,-0.591463583576275,-2.17728516413335,26,genotype
MOSET287,GAD_NEOPLASMS_PROSTATIC_NEOPLASMS,0.0016659388683587,0.0210132289193816,0.45505986738723,-0.449835689917487,-1.85509118257084,73,genotype
MOSET2092,MGI_MP:0001672__ABNORMAL_EMBRYOGENESIS/_DEVELOPMENT,0.00170275482641135,0.0214176116852801,0.45505986738723,-0.447896019890846,-1.84653812248077,72,genotype
MOSET146,STANFORD_B-CELLS_SW,0.00172116280837714,0.021469241346599,0.45505986738723,-0.446308024885921,-1.85253162209869,78,genotype
MOSET1852,MGI_MP:0002526__ABNORMAL_CHEMOKINE_PHYSIOLOGY,0.00172116280837714,0.021469241346599,0.45505986738723,-0.68493194938989,-2.30728271596887,15,genotype
MOSET6562,MGI_MP:0001219__THICKENED_EPIDERMIS,0.00172116280837714,0.021469241346599,0.45505986738723,-0.500248185767623,-1.98155996254254,47,genotype
MOSET6890,Suva_single_cell_astrocytoma_PC1/2_High_genes_astrocyte_like_fig2B,0.00173957079221963,0.0216389151308425,0.45505986738723,-0.499193108750936,-1.97738064029181,47,genotype
MOSET4044,MGI_MP:0005375__ADIPOSE_TISSUE_PHENOTYPE,0.00175797877787988,0.0217477429582228,0.45505986738723,-0.332835515657896,-1.49365365764943,275,genotype
MOSET5728,MGI_MP:0004327__INCREASED_VESTIBULAR_HAIR_CELL_NUMBER,0.00175797877787988,0.0217477429582228,0.45505986738723,-0.896190113268013,-2.48782821054477,5,genotype
MOSET7516,VELMESHEV_2019_IN_VIP,0.00181320274521356,0.022369457429306,0.45505986738723,-0.448372809775055,-1.8368395287799,67,genotype
MOSET1111,GAD_NUTRITIONAL_AND_METABOLIC_DISEASES_HYPERINSULINISM,0.00183161073760236,0.0224734145815353,0.45505986738723,-0.69214794460741,-2.28868672544082,14,genotype
MOSET6827,PENG_HOMOLOGOUS_RECOMBINATION_DEF_230GENES,0.00183161073760236,0.0224734145815353,0.45505986738723,-0.349389391412633,-1.55682589033729,205,genotype
MOSET6901,Suva_single_cell_IDH-A_specific_genes_not_accounted_by_genetics_fig1F,0.00185001873154842,0.022576244845969,0.45505986738723,-0.700708792625743,-2.29752717943988,13,genotype
MOSET2299,MGI_MP:0000383__ABNORMAL_HAIR_FOLLICLE_ORIENTATION,0.00190542407897014,0.0231270205595756,0.45505986738723,-0.630841168274907,-2.25321677086839,20,genotype
MOSET6831,Raju_18GW_INTERNEURONS_SEED,0.00190542407897014,0.0231270205595756,0.45505986738723,-0.487574144027442,-1.95029544669967,51,genotype
MOSET1710,MGI_MP:0004883__ABNORMAL_BLOOD_VESSEL_HEALING,0.00194242145350745,0.0233869620458397,0.45505986738723,-0.657486281586396,-2.30833811856621,18,genotype
MOSET266,GAD_MALE_UROGENITAL_DISEASES_DIABETIC_NEPHROPATHIES,0.00194242145350745,0.0233869620458397,0.45505986738723,-0.480912565888662,-1.9329826190105,53,genotype
MOSET318,GAD_NUTRITIONAL_AND_METABOLIC_DISEASES_DIABETES_MELLITUS,0.00194242145350745,0.0233869620458397,0.45505986738723,-0.500832336563607,-1.97851645572987,46,genotype
MOSET3627,MGI_MP:0004076__ABNORMAL_VITELLINE_VASCULAR_REMODELING,0.00197941884935215,0.0236427667868242,0.431707695803346,-0.492912282111017,-1.93015865631662,44,genotype
MOSET4279,MGI_MP:0001314__CORNEAL_OPACITY,0.00197941884935215,0.0236427667868242,0.431707695803346,-0.563034728552766,-2.12290764893186,30,genotype
MOSET4602,MGI_MP:0000222__DECREASED_NEUTROPHIL_CELL_NUMBER,0.00197941884935215,0.0236427667868242,0.431707695803346,-0.584000505289119,-2.14037807205837,25,genotype
MOSET4531,MGI_MP:0008567__DECREASED_INTERFERON-GAMMA_SECRETION,0.0020164162653316,0.0238945327441795,0.431707695803346,-0.645838590099522,-2.28789094727698,19,genotype
MOSET6056,MGI_MP:0001787__PERICARDIAL_EDEMA,0.0020164162653316,0.0238945327441795,0.431707695803346,-0.498232162474776,-1.97460142089205,48,genotype
MOSET7279,SCHIRMER_2019_ASTROCYTES,0.0020164162653316,0.0238945327441795,0.431707695803346,-0.348564420965154,-1.55491338800959,210,genotype
MOSET320,GAD_BACTERIAL_INFECTIONS_AND_MYCOSES_HELICOBACTER_INFECTIONS,0.00205341370035767,0.0242055546929596,0.431707695803346,-0.566004308717709,-2.11157228388972,28,genotype
MOSET7567,YANG_2021_PROTEOSTATIC_DE_BEC_CLUSTERS,0.00205341370035767,0.0242055546929596,0.431707695803346,-0.422038565513085,-1.78468427856247,91,genotype
MOSET2374,MGI_MP:0001819__ABNORMAL_IMMUNE_CELL_PHYSIOLOGY,0.00209041115341923,0.0245133370412677,0.431707695803346,-0.690275396709617,-2.28249487650184,14,genotype
MOSET238,HPRD_KIT_RECEPTOR_SIGNALING_PATHWAY,0.00212740862357548,0.0246265322158364,0.431707695803346,-0.405449388827839,-1.72991468147042,103,genotype
MOSET262,GAD_NUTRITIONAL_AND_METABOLIC_DISEASES_OBESITY,0.00212740862357548,0.0246265322158364,0.431707695803346,-0.398981277400529,-1.70513325578041,117,genotype
MOSET4950,MGI_MP:0002724__ENHANCED_WOUND_HEALING,0.00212740862357548,0.0246265322158364,0.431707695803346,-0.790940743130499,-2.39843072742958,8,genotype
MOSET6261,MGI_MP:0000420__RUFFLED_HAIR,0.00212740862357548,0.0246265322158364,0.431707695803346,-0.678580849882629,-2.28588820789613,15,genotype
MOSET6604,MGI_MP:0001823__THYMUS_HYPOPLASIA,0.00212740862357548,0.0246265322158364,0.431707695803346,-0.426944644398022,-1.78683832595838,83,genotype
MOSET2102,MGI_MP:0004274__ABNORMAL_EMBRYONIC/FETAL_SUBVENTRICULAR_ZONE_MORPHOLOGY,0.00216440610994993,0.024926651440165,0.431707695803346,-0.689096976669508,-2.27859826115565,14,genotype
MOSET3555,MGI_MP:0003227__ABNORMAL_VASCULAR_BRANCHING_MORPHOGENESIS,0.00216440610994993,0.024926651440165,0.431707695803346,-0.689190659713422,-2.2789080376141,14,genotype
MOSET1580,MGI_MP:0004128__ABNORMAL_ADIPOCYTE_MORPHOLOGY,0.002201403611725,0.025096001173665,0.431707695803346,-0.591260998628862,-2.15470347674556,23,genotype
MOSET2009,MGI_MP:0002258__ABNORMAL_CRICOID_CARTILAGE_MORPHOLOGY,0.002201403611725,0.025096001173665,0.431707695803346,-0.713655030687881,-2.2978528170756,12,genotype
MOSET4325,MGI_MP:0005093__DECREASED_B_CELL_PROLIFERATION,0.002201403611725,0.025096001173665,0.431707695803346,-0.480520706354782,-1.90715710530064,49,genotype
MOSET7613,ABSINTA_2021_REACTIVE_ASTROCYTE_DE_ASC_CLUSTERS,0.002201403611725,0.025096001173665,0.431707695803346,-0.397457616088548,-1.70159814479046,114,genotype
MOSET1381,GAD_FEMALE_UROGENITAL_DISEASES_AND_PREGNANCY_COMPLICATIONS_PREMATURE_BIRTH,0.00223840112813716,0.025198800700004,0.431707695803346,-0.71518394448749,-2.27294288500778,11,genotype
MOSET1688,MGI_MP:0004773__ABNORMAL_BILE_COMPOSITION,0.00223840112813716,0.025198800700004,0.431707695803346,-0.694806404015136,-2.27817406385292,13,genotype
MOSET4086,MGI_MP:0003279__ANEURYSM,0.00223840112813716,0.025198800700004,0.431707695803346,-0.695239408922334,-2.27959382703213,13,genotype
MOSET688,"GAD_RESPIRATORY_TRACT_DISEASES_RHINITIS,_ALLERGIC,_PERENNIAL",0.00223840112813716,0.025198800700004,0.431707695803346,-0.787672701421306,-2.38852079204955,8,genotype
MOSET2215,MGI_MP:0003232__ABNORMAL_FOREBRAIN_DEVELOPMENT,0.00227539865847252,0.0254246157794088,0.431707695803346,-0.479819120160717,-1.9043725528822,49,genotype
MOSET7297,TRAN_ACC_2020_EXCIT_E,0.00227539865847252,0.0254246157794088,0.431707695803346,-0.586675257655448,-2.14984907208968,24,genotype
MOSET7463,TRAN_NAC_2020_EXCIT_E,0.00227539865847252,0.0254246157794088,0.431707695803346,-0.586675257655448,-2.14984907208968,24,genotype
MOSET1635,MGI_MP:0001648__ABNORMAL_APOPTOSIS,0.00231239620206287,0.025710419994788,0.431707695803346,-0.404267985120972,-1.7248740335534,103,genotype
MOSET2739,MGI_MP:0001601__ABNORMAL_MYELOPOIESIS,0.00231239620206287,0.025710419994788,0.431707695803346,-0.541430976514795,-2.08679046281043,35,genotype
MOSET6173,MGI_MP:0001923__REDUCED_FEMALE_FERTILITY,0.00234939375828211,0.0259934154632539,0.431707695803346,-0.368726646110341,-1.60284557073366,143,genotype
MOSET294,"GAD_IMMUNE_SYSTEM_DISEASES_HYPERSENSITIVITY,_IMMEDIATE",0.00238639132654291,0.0260823304452008,0.431707695803346,-0.561507280548027,-2.09479537972713,28,genotype
MOSET3064,MGI_MP:0002748__ABNORMAL_PULMONARY_VALVE_MORPHOLOGY,0.00238639132654291,0.0260823304452008,0.431707695803346,-0.672115285555729,-2.2641081101306,15,genotype
MOSET5291,MGI_MP:0008720__IMPAIRED_NEUTROPHIL_MIGRATION,0.00238639132654291,0.0260823304452008,0.431707695803346,-0.61027920846741,-2.19235477814357,21,genotype
MOSET642,GAD_NERVOUS_SYSTEM_DISEASES_MIGRAINE_DISORDERS,0.00238639132654291,0.0260823304452008,0.431707695803346,-0.752476920863013,-2.35018727012955,10,genotype
MOSET7764,JAKEL_2019_OLIGODENDROCYTE5,0.00238639132654291,0.0260823304452008,0.431707695803346,-0.349377812175523,-1.55431392670865,195,genotype
MOSET2142,MGI_MP:0002447__ABNORMAL_ERYTHROCYTE_MORPHOLOGY,0.00242338890629385,0.0262952295061234,0.431707695803346,-0.540290277320125,-2.08239396481969,35,genotype
MOSET4345,MGI_MP:0004991__DECREASED_BONE_STRENGTH,0.00242338890629385,0.0262952295061234,0.431707695803346,-0.888492274906766,-2.4664589729781,5,genotype
MOSET7274,MATHYS_2019_OPC2_DE_SUBTYPE_CLUSTERS,0.00242338890629385,0.0262952295061234,0.431707695803346,-0.386909898118204,-1.66650049157709,130,genotype
MOSET301,GAD_CARDIOVASCULAR_DISEASES_CARDIOVASCULAR_DISEASES,0.00246038649701664,0.0266325009520816,0.431707695803346,-0.455373378470983,-1.84213680309973,57,genotype
MOSET207,STANFORD_SMOOTHMUSCLE_GENERAL,0.00249738409822372,0.0268394286260176,0.431707695803346,-0.555929305819852,-2.09611683922929,30,genotype
MOSET4975,MGI_MP:0003068__ENLARGED_KIDNEY,0.00249738409822372,0.0268394286260176,0.431707695803346,-0.578322215252258,-2.11956698136305,25,genotype
MOSET6583,MGI_MP:0002652__THIN_MYOCARDIAL_WALL,0.00249738409822372,0.0268394286260176,0.431707695803346,-0.455855635454178,-1.84679436632353,59,genotype
MOSET2982,MGI_MP:0001711__ABNORMAL_PLACENTA_MORPHOLOGY,0.00253438170945597,0.0271721924706672,0.431707695803346,-0.472565774086458,-1.90142423484156,54,genotype
MOSET6251,MGI_MP:0000154__RIB_FUSION,0.00257137933028072,0.0273733359911444,0.431707695803346,-0.482097775301571,-1.93101192630749,52,genotype
MOSET6485,MGI_MP:0000693__SPLEEN_HYPERPLASIA,0.00257137933028072,0.0273733359911444,0.431707695803346,-0.48979110083706,-1.91552662876554,43,genotype
MOSET7251,MATHYS_2019_IN0_DE_SUBTYPE_CLUSTERS,0.00257137933028072,0.0273733359911444,0.431707695803346,-0.31471029490571,-1.42937290207267,378,genotype
MOSET2107,MGI_MP:0000297__ABNORMAL_ENDOCARDIAL_CUSHION_MORPHOLOGY,0.00260837696028983,0.0277017015381724,0.431707695803346,-0.557077355375077,-2.07826881434444,28,genotype
MOSET2077,MGI_MP:0000022__ABNORMAL_EAR_SHAPE,0.00264537459909798,0.0279627272763808,0.431707695803346,-0.847720624787677,-2.45578538213389,6,genotype
MOSET570,GAD_CARDIOVASCULAR_DISEASES_CORONARY_STENOSIS,0.00264537459909798,0.0279627272763808,0.431707695803346,-0.780318383838464,-2.36621972661177,8,genotype
MOSET3499,MGI_MP:0005031__ABNORMAL_TROPHOBLAST_LAYER_MORPHOLOGY,0.00268237224634112,0.0282874056797988,0.431707695803346,-0.529069288456713,-2.04986561217575,38,genotype
MOSET232,HPRD_IL3_SIGNALING_PATHWAY,0.00271936990167501,0.0286105669795387,0.431707695803346,-0.417344033798046,-1.76537176564646,92,genotype
MOSET1156,GAD_NERVOUS_SYSTEM_DISEASES_INTRACRANIAL_HEMORRHAGES,0.00275636756477388,0.0289322217812979,0.431707695803346,-0.884582839669309,-2.45560636132009,5,genotype
MOSET6175,MGI_MP:0004200__REDUCED_FETAL_SIZE,0.00279336523532922,0.0291845096396461,0.431707695803346,-0.396759466761722,-1.69703397674107,113,genotype
MOSET7752,JAKEL_2019_IMMUNE_OLIGO,0.00279336523532922,0.0291845096396461,0.431707695803346,-0.421712268289381,-1.78201063270322,93,genotype
MOSET4887,MGI_MP:0000284__DOUBLE_OUTLET_RIGHT_VENTRICLE,0.00283036291304865,0.0295026023089307,0.431707695803346,-0.515397327797885,-2.00078513286255,40,genotype
MOSET2441,MGI_MP:0001322__ABNORMAL_IRIS_MORPHOLOGY,0.00290435828888476,0.0301343902646269,0.431707695803346,-0.654834369859555,-2.23091837260338,16,genotype
MOSET7561,YANG_2021_T_CELL,0.00290435828888476,0.0301343902646269,0.431707695803346,-0.39180207347591,-1.68371143462398,128,genotype
MOSET2794,MGI_MP:0002463__ABNORMAL_NEUTROPHIL_PHYSIOLOGY,0.00294135598648835,0.0303087551651191,0.431707695803346,-0.503714884105727,-1.95284344680005,39,genotype
MOSET6797,PHILLIPS_MOST_DIFF_EXP_IN_PROLIF_SUBTYPE_217_GENES,0.00294135598648835,0.0303087551651191,0.431707695803346,-0.372822056756659,-1.61286270193063,136,genotype
MOSET7077,AGARWAL_CTX_2020_IN4A,0.00294135598648835,0.0303087551651191,0.431707695803346,-0.421174810929458,-1.77279974184233,87,genotype
MOSET7604,GRUBMAN_2019_ENDO,0.00297835369022815,0.0305501746403129,0.431707695803346,-0.673246623344769,-2.22618678824656,14,genotype
MOSET8,BARRES_OLIGODENDROCYTES,0.00297835369022815,0.0305501746403129,0.431707695803346,-0.406404979188164,-1.73328935061461,104,genotype
MOSET2924,MGI_MP:0000109__ABNORMAL_PARIETAL_BONE_MORPHOLOGY,0.00301535139987831,0.0307197451440091,0.431707695803346,-0.619300672109336,-2.21199682389582,20,genotype
MOSET4356,MGI_MP:0008075__DECREASED_CD4-POSITIVE_T_CELL_NUMBER,0.00301535139987831,0.0307197451440091,0.431707695803346,-0.468778197870962,-1.88618447436298,54,genotype
MOSET5695,MGI_MP:0006144__INCREASED_SYSTOLIC_BLOOD_PRESSURE,0.00301535139987831,0.0307197451440091,0.431707695803346,-0.5621690203838,-2.10650920909821,29,genotype
MOSET210,STANFORD_SPLEEN_SW,0.00305234911522392,0.0307488323620879,0.431707695803346,-0.447037585560862,-1.82025997447242,61,genotype
MOSET2329,MGI_MP:0002123__ABNORMAL_HEMATOPOIESIS,0.00305234911522392,0.0307488323620879,0.431707695803346,-0.44429558427713,-1.83192597036294,70,genotype
MOSET3578,MGI_MP:0003384__ABNORMAL_VENTRAL_BODY_WALL,0.00305234911522392,0.0307488323620879,0.431707695803346,-0.74231763607582,-2.31845709858741,10,genotype
MOSET4778,MGI_MP:0000060__DELAYED_BONE_OSSIFICATION,0.00305234911522392,0.0307488323620879,0.431707695803346,-0.48927790928478,-1.94904068902093,50,genotype
MOSET235,HPRD_IL6_SIGNALING_PATHWAY,0.00308934683606038,0.0309829149282402,0.431707695803346,-0.419951186081195,-1.76764928706958,87,genotype
MOSET341,"GAD_DIGESTIVE_SYSTEM_DISEASES_COLITIS,_ULCERATIVE",0.00308934683606038,0.0309829149282402,0.431707695803346,-0.519543355885342,-2.00450526722622,36,genotype
MOSET5296,MGI_MP:0001129__IMPAIRED_OVARIAN_FOLLICULOGENESIS,0.00312634456219275,0.0312842879190088,0.431707695803346,-0.569939871090974,-2.08884545719866,25,genotype
MOSET4737,MGI_MP:0003447__DECREASED_TUMOR_GROWTH/SIZE,0.00316334229343525,0.0315843244952083,0.431707695803346,-0.657620195002322,-2.21527950470481,15,genotype
MOSET2604,MGI_MP:0002401__ABNORMAL_LYMPHOPOIESIS,0.00320034002961065,0.0318830335250813,0.431707695803346,-0.533829443385514,-2.02382684648247,31,genotype
MOSET2644,MGI_MP:0000455__ABNORMAL_MAXILLA_MORPHOLOGY,0.00323733777054983,0.0321804237986444,0.431707695803346,-0.549797780880403,-2.05111116288364,28,genotype
MOSET3168,MGI_MP:0003920__ABNORMAL_RIGHT_VENTRICLE_MORPHOLOGY,0.0033113332660809,0.0327712828509061,0.431707695803346,-0.65625659075214,-2.21068602571661,15,genotype
MOSET2523,MGI_MP:0002442__ABNORMAL_LEUKOCYTE_PHYSIOLOGY,0.00334833102037108,0.0327772490972413,0.431707695803346,-0.532242955339404,-2.03826623022878,34,genotype
MOSET2933,MGI_MP:0002977__ABNORMAL_PATTERNING_OF_THE_AORTIC_ARCH,0.00334833102037108,0.0327772490972413,0.431707695803346,-0.638075984812119,-2.240191407081,18,genotype
MOSET3097,MGI_MP:0002703__ABNORMAL_RENAL_TUBULE_MORPHOLOGY,0.00334833102037108,0.0327772490972413,0.431707695803346,-0.473839689201793,-1.89535765921138,51,genotype
MOSET4,ABA_OLIGODENDROCYTES,0.00334833102037108,0.0327772490972413,0.431707695803346,-0.444317134296113,-1.81367336779197,65,genotype
MOSET5128,MGI_MP:0000465__GASTROINTESTINAL_HEMORRHAGE,0.00334833102037108,0.0327772490972413,0.431707695803346,-0.682117198524608,-2.23656791475532,13,genotype
MOSET282,"GAD_SKIN_AND_CONNECTIVE_TISSUE_DISEASES_LUPUS_ERYTHEMATOSUS,_SYSTEMIC",0.00342232654129544,0.0331413686353836,0.431707695803346,-0.471225647203798,-1.88746430983486,52,genotype
MOSET4879,MGI_MP:0000292__DISTENDED_PERICARDIAL_SACS,0.00342232654129544,0.0331413686353836,0.431707695803346,-0.516183621590929,-1.99154272037938,36,genotype
MOSET7345,TRAN_AMY_2020_EXCIT_D,0.00342232654129544,0.0331413686353836,0.431707695803346,-0.547505153899033,-2.04255814037728,28,genotype
MOSET7383,TRAN_DLPFC_2020_EXCIT_D,0.00342232654129544,0.0331413686353836,0.431707695803346,-0.547505153899033,-2.04255814037728,28,genotype
MOSET7957,BAKKEN_2019_SNCG_GABAERGIC_DE_GABA_CLUSTERS,0.00342232654129544,0.0331413686353836,0.431707695803346,-0.336174418057469,-1.50446377273796,230,genotype
MOSET12,FOSTER_CYTOPLASM_PROTEINS,0.00345932430766559,0.0333561827781973,0.431707695803346,-0.33211502448573,-1.49280746534645,280,genotype
MOSET83,OLDHAM_CEREBELLUM_MODULE_TURQUOISE,0.00345932430766559,0.0333561827781973,0.431707695803346,-0.519940379369157,-1.98304335280536,33,genotype
MOSET86,DOYLE_BRAINSTEM_MOTOR_NEURONS,0.00349632207780768,0.0336408938383932,0.431707695803346,-0.440257762276649,-1.81939553967648,74,genotype
MOSET302,GAD_EYE_DISEASES_DIABETIC_RETINOPATHY,0.00353331985160324,0.0337087696859521,0.431707695803346,-0.570717490999748,-2.09137244572831,24,genotype
MOSET6807,HICKMAN_MICROGLIA_SENSOME_top25,0.00353331985160324,0.0337087696859521,0.431707695803346,-0.570860234084467,-2.09189552230982,24,genotype
MOSET7959,BAKKEN_2019_L5_6_NP_GLUTAMATERGIC_DE_GLUT_CLUSTERS,0.00353331985160324,0.0337087696859521,0.431707695803346,-0.300601375399372,-1.36567666134935,415,genotype
MOSET4606,MGI_MP:0005431__DECREASED_OOCYTE_CELL_NUMBER,0.00357031762893869,0.0339180174749175,0.431707695803346,-0.609426173416452,-2.17672742935144,20,genotype
MOSET7770,JAKEL_2019_IMMUNE_OLIGO_DE_OG_CLUSTERS,0.00364431319379802,0.0344755090581355,0.431707695803346,-0.379486933184827,-1.627015506468,126,genotype
MOSET4516,MGI_MP:0008496__DECREASED_IGG2A_LEVEL,0.00368131098111713,0.0346797977991014,0.431707695803346,-0.559467302170367,-2.07185927051376,27,genotype
MOSET5280,MGI_MP:0001606__IMPAIRED_HEMATOPOIESIS,0.00368131098111713,0.0346797977991014,0.431707695803346,-0.545326168040027,-2.03442907479245,28,genotype
MOSET2108,MGI_MP:0003974__ABNORMAL_ENDOCARDIUM_MORPHOLOGY,0.00382966666529808,0.0358523679705556,0.431707695803346,-0.625227345405675,-2.21487536587622,19,genotype
MOSET271,GAD_NEOPLASMS_STOMACH_NEOPLASMS,0.00382966666529808,0.0358523679705556,0.431707695803346,-0.460038064609819,-1.8563411565399,56,genotype
MOSET3163,MGI_MP:0000150__ABNORMAL_RIB_MORPHOLOGY,0.00382966666529808,0.0358523679705556,0.431707695803346,-0.441519670398552,-1.80225430384702,65,genotype
MOSET3173,MGI_MP:0005221__ABNORMAL_ROSTRAL-CAUDAL_AXIS_PATTERNING,0.00390402681091231,0.0361724953282677,0.431707695803346,-0.444570897720721,-1.80107684426016,59,genotype
MOSET3435,MGI_MP:0006339__ABNORMAL_THIRD_BRANCHIAL_ARCH_MORPHOLOGY,0.00390402681091231,0.0361724953282677,0.431707695803346,-0.872383102412577,-2.42173983003483,5,genotype
MOSET3823,MGI_MP:0001132__ABSENT_MATURE_OVARIAN_FOLLICLES,0.00397838699935175,0.0367857836921579,0.407017918923954,-0.661619766776339,-2.18774091479697,14,genotype
MOSET3534,MGI_MP:0001757__ABNORMAL_URINE_CHEMISTRY,0.00405274722825956,0.0372439199364343,0.407017918923954,-0.436417276149852,-1.80352446611913,74,genotype
MOSET4439,MGI_MP:0008554__DECREASED_CIRCULATING_TUMOR_NECROSIS_FACTOR_LEVEL,0.00405274722825956,0.0372439199364343,0.407017918923954,-0.730362602441211,-2.28111832169867,10,genotype
MOSET6025,MGI_MP:0000273__OVERRIDING_AORTA,0.00405274722825956,0.0372439199364343,0.407017918923954,-0.646189467312801,-2.17677360575752,15,genotype
MOSET4934,MGI_MP:0006204__EMBRYONIC_LETHALITY_BEFORE_IMPLANTATION,0.00412710749544871,0.0376201721700517,0.407017918923954,-0.41518445597081,-1.73090814587752,81,genotype
MOSET6616,MGI_MP:0004110__TRANSPOSITION_OF_GREAT_ARTERIES,0.00412710749544871,0.0376201721700517,0.407017918923954,-0.657812385343624,-2.17515126050176,14,genotype
MOSET6768,WATKINS_CD4+_HELPER_T_CELLS,0.00412710749544871,0.0376201721700517,0.407017918923954,-0.502932917108315,-1.95239798327421,40,genotype
MOSET7221,LAKE_2018_CER_PER,0.00412710749544871,0.0376201721700517,0.407017918923954,-0.445939977769778,-1.81145811330128,60,genotype
MOSET233,HPRD_IL4_SIGNALING_PATHWAY,0.00420146779888697,0.0379903805188515,0.407017918923954,-0.433860245448197,-1.78920955770896,73,genotype
MOSET7374,TRAN_AMY_2020_MICRO_DE_PAIRWISE,0.00420146779888697,0.0379903805188515,0.407017918923954,-0.541548367471524,-2.02033536763925,28,genotype
MOSET7412,TRAN_DLPFC_2020_MICRO_DE_PAIRWISE,0.00420146779888697,0.0379903805188515,0.407017918923954,-0.541548367471524,-2.02033536763925,28,genotype
MOSET2006,MGI_MP:0003935__ABNORMAL_CRANIOFACIAL_DEVELOPMENT,0.00427582813668344,0.038508108198971,0.407017918923954,-0.568495109663971,-2.071738863457,23,genotype
MOSET494,GAD_VIRUS_DISEASES_RESPIRATORY_SYNCYTIAL_VIRUS_INFECTIONS,0.00427582813668344,0.038508108198971,0.407017918923954,-0.794555180619993,-2.4010325069427,7,genotype
MOSET1201,GAD_NERVOUS_SYSTEM_DISEASES_LEWY_BODY_DISEASE,0.00435018850707649,0.0386368813557503,0.407017918923954,-0.865413291515906,-2.40239160032979,5,genotype
MOSET2200,MGI_MP:0002187__ABNORMAL_FIBULA_MORPHOLOGY,0.00435018850707649,0.0386368813557503,0.407017918923954,-0.654691196241494,-2.16483059983768,14,genotype
MOSET2392,MGI_MP:0001845__ABNORMAL_INFLAMMATORY_RESPONSE,0.00435018850707649,0.0386368813557503,0.407017918923954,-0.477892452249483,-1.89399076638934,48,genotype
MOSET3770,MGI_MP:0004086__ABSENT_HEARTBEAT,0.00435018850707649,0.0386368813557503,0.407017918923954,-0.827539481539261,-2.3973220687084,6,genotype
MOSET475,GAD_NUTRITIONAL_AND_METABOLIC_DISEASES_METABOLIC_SYNDROME_X,0.00435018850707649,0.0386368813557503,0.407017918923954,-0.559572922242038,-2.05085030173312,25,genotype
MOSET6829,PENG_DOWN_WITH_HOMOLOGOUS_RECOM_DEF_148GENES,0.00435018850707649,0.0386368813557503,0.407017918923954,-0.364102725170089,-1.57769403212005,138,genotype
MOSET7720,LUO_2019_INH_MGE_B3GAT2_CHST11_DE_NEURON_CLUSTERS,0.00435018850707649,0.0386368813557503,0.407017918923954,-0.412316613255539,-1.73551401120982,87,genotype
MOSET296,"GAD_MUSCULOSKELETAL_DISEASES_OSTEOPOROSIS,_POSTMENOPAUSAL",0.00442454890842288,0.0389897137663957,0.407017918923954,-0.521996032298532,-1.97896462440004,31,genotype
MOSET3252,MGI_MP:0000438__ABNORMAL_SKULL_MORPHOLOGY,0.00442454890842288,0.0389897137663957,0.407017918923954,-0.43509865764407,-1.79807518428127,74,genotype
MOSET4517,MGI_MP:0008497__DECREASED_IGG2B_LEVEL,0.00442454890842288,0.0389897137663957,0.407017918923954,-0.632132831816041,-2.21932586662864,18,genotype
MOSET7639,LAU_2020_INHIT,0.00442454890842288,0.0389897137663957,0.407017918923954,-0.337920929367084,-1.50489231989709,201,genotype
MOSET2988,MGI_MP:0003231__ABNORMAL_PLACENTAL_VASCULATURE,0.004498909339188,0.0393370655424535,0.407017918923954,-0.463808123754195,-1.87068300767089,55,genotype
MOSET5162,MGI_MP:0001588__HEMOGLOBIN_ABNORMALITIES,0.004498909339188,0.0393370655424535,0.407017918923954,-0.673405114686919,-2.20800219727425,13,genotype
MOSET5309,MGI_MP:0001792__IMPAIRED_WOUND_HEALING,0.004498909339188,0.0393370655424535,0.407017918923954,-0.61770110987671,-2.18821358629575,19,genotype
MOSET5951,MGI_MP:0005287__NARROW_EYE_OPENING,0.004498909339188,0.0393370655424535,0.407017918923954,-0.673547675576803,-2.20846963470714,13,genotype
MOSET159,STANFORD_ESOPHAGUS_SW,0.00457326979793704,0.0397556638998272,0.407017918923954,-0.463697331045198,-1.87023614607559,55,genotype
MOSET4692,MGI_MP:0002411__DECREASED_SUSCEPTIBILITY_TO_BACTERIAL_INFECTION,0.00457326979793704,0.0397556638998272,0.407017918923954,-0.516088219301353,-1.99957078718512,38,genotype
MOSET6327,MGI_MP:0000445__SHORT_SNOUT,0.00457326979793704,0.0397556638998272,0.407017918923954,-0.44338571602006,-1.7936427205995,57,genotype
MOSET2336,MGI_MP:0006108__ABNORMAL_HINDBRAIN_DEVELOPMENT,0.00464763028332698,0.0401694417770085,0.407017918923954,-0.5662909963348,-2.06370652128574,23,genotype
MOSET6721,ARAI_E14.5_TIS21-GFP-_S-PHASE_APICAL_PROGENITORS,0.00464763028332698,0.0401694417770085,0.407017918923954,-0.601159622502509,-2.14720124733725,20,genotype
MOSET5565,MGI_MP:0000218__INCREASED_LEUKOCYTE_CELL_NUMBER,0.0047219907940994,0.0407339550686391,0.407017918923954,-0.442333953356099,-1.79681003843347,60,genotype
MOSET2592,MGI_MP:0002339__ABNORMAL_LYMPH_NODE_MORPHOLOGY,0.00479635132907389,0.0410607795338778,0.407017918923954,-0.484751919323658,-1.88776038908107,41,genotype
MOSET2920,MGI_MP:0000678__ABNORMAL_PARATHYROID_GLAND_MORPHOLOGY,0.00479635132907389,0.0410607795338778,0.407017918923954,-0.72359142673958,-2.25997012366552,10,genotype
MOSET6225,MGI_MP:0002640__RETICULOCYTOSIS,0.00479635132907389,0.0410607795338778,0.407017918923954,-0.640633199133288,-2.15805659080837,15,genotype
MOSET8112,HODGE_2018_ENDO_L2_6_NOSTRIN_SINGLE_VS_L1,0.00479635132907389,0.0410607795338778,0.407017918923954,-0.860895045285029,-2.38984892632686,5,genotype
MOSET239,HPRD_NOTCH_SIGNALING_PATHWAY,0.00487071188714212,0.0414608991073743,0.407017918923954,-0.423331064951274,-1.7622561805844,80,genotype
MOSET3127,MGI_MP:0005671__ABNORMAL_RESPONSE_TO_TRANSPLANT,0.00487071188714212,0.0414608991073743,0.407017918923954,-0.555500148269597,-2.03560907455969,24,genotype
MOSET4538,MGI_MP:0008688__DECREASED_INTERLEUKIN-2_SECRETION,0.00487071188714212,0.0414608991073743,0.407017918923954,-0.823958276860738,-2.38694757758151,6,genotype
MOSET4521,MGI_MP:0002460__DECREASED_IMMUNOGLOBULIN_LEVEL,0.00494507246726243,0.0419353320528865,0.407017918923954,-0.474698969805768,-1.85650273301519,43,genotype
MOSET617,GAD_NERVOUS_SYSTEM_DISEASES_INTRACRANIAL_ANEURYSM,0.00494507246726243,0.0419353320528865,0.407017918923954,-0.683498760878546,-2.20075454612656,12,genotype
MOSET1633,MGI_MP:0002747__ABNORMAL_AORTIC_VALVE_MORPHOLOGY,0.00501943306845485,0.0420903298086633,0.407017918923954,-0.596737873462918,-2.1314077963172,20,genotype
MOSET2684,MGI_MP:0003864__ABNORMAL_MIDBRAIN_DEVELOPMENT,0.00501943306845485,0.0420903298086633,0.407017918923954,-0.625595363249994,-2.19637377118184,18,genotype
MOSET3260,MGI_MP:0000443__ABNORMAL_SNOUT_MORPHOLOGY,0.00501943306845485,0.0420903298086633,0.407017918923954,-0.586258835130743,-2.10606447113854,21,genotype
MOSET36,SCHULLER_UP_CEREBELLAR_MOLECULAR_LAYER_P22,0.00501943306845485,0.0420903298086633,0.407017918923954,-0.596950898450572,-2.13216867163564,20,genotype
MOSET7714,LUO_2019_INH_CGE_VIP_LINGO2_DE_NEURON_CLUSTERS,0.00501943306845485,0.0420903298086633,0.407017918923954,-0.403538768692864,-1.70645375832195,91,genotype
MOSET3569,MGI_MP:0005595__ABNORMAL_VASCULAR_SMOOTH_MUSCLE_PHYSIOLOGY,0.00509379368979664,0.0426344851025172,0.407017918923954,-0.649398568657794,-2.14732976553211,14,genotype
MOSET281,GAD_NUTRITIONAL_AND_METABOLIC_DISEASES_INSULIN_RESISTANCE,0.00524251498949909,0.0437167499957674,0.407017918923954,-0.420581611502407,-1.75081066728607,80,genotype
MOSET3391,MGI_MP:0001828__ABNORMAL_T_CELL_ACTIVATION,0.00524251498949909,0.0437167499957674,0.407017918923954,-0.5039467193343,-1.94433023127701,36,genotype
MOSET139,POLYPHEN_HUMAN-SPECIFIC_PROBABLY_DAMAGING,0.00531687566626502,0.0439300754590668,0.407017918923954,-0.307766832449574,-1.39728299860016,382,genotype
MOSET1865,MGI_MP:0002836__ABNORMAL_CHORION_MORPHOLOGY,0.00531687566626502,0.0439300754590668,0.407017918923954,-0.583180610540716,-2.09500631891164,21,genotype
MOSET2294,MGI_MP:0003704__ABNORMAL_HAIR_FOLLICLE_DEVELOPMENT,0.00531687566626502,0.0439300754590668,0.407017918923954,-0.540781237839062,-2.02636683330183,29,genotype
MOSET311,GAD_CARDIOVASCULAR_DISEASES_THROMBOSIS,0.00531687566626502,0.0439300754590668,0.407017918923954,-0.59560243535922,-2.12735227758095,20,genotype
MOSET4518,MGI_MP:0008498__DECREASED_IGG3_LEVEL,0.00539123635998424,0.0443816038921554,0.407017918923954,-0.557840865944892,-2.05351381741067,26,genotype
MOSET8687,AYHAN_2021_INH_GAD1_5_DE_IN_GAD1_CLUSTERS,0.00539123635998424,0.0443816038921554,0.407017918923954,-0.312129627351571,-1.41234521205513,327,genotype
MOSET245,HPRD_LEPTIN_SIGNALING_PATHWAY,0.00546559706996485,0.044829842633974,0.407017918923954,-0.383499722605769,-1.63318077727599,107,genotype
MOSET6057,MGI_MP:0005312__PERICARDIAL_EFFUSION,0.00546559706996485,0.044829842633974,0.407017918923954,-0.471401934396505,-1.86826744553595,48,genotype
MOSET5849,MGI_MP:0000442__LONGITUDINALLY_SHORT_SKULL,0.00553995779555212,0.0450296569555437,0.407017918923954,-0.620832476100962,-2.17965197139916,18,genotype
MOSET6947,LaMANNO_OPC_MIDBRAIN,0.00553995779555212,0.0450296569555437,0.407017918923954,-0.507215610934352,-1.96519408988169,38,genotype
MOSET7073,AGARWAL_CTX_2020_IN1A,0.00553995779555212,0.0450296569555437,0.407017918923954,-0.375755215630323,-1.60568438802016,119,genotype
MOSET7103,AGARWAL_CTX_2020_IN6B_DE_IN_CLUSTERS,0.00553995779555212,0.0450296569555437,0.407017918923954,-0.322878181704164,-1.44399470641919,264,genotype
MOSET121,PALMER_T-LYMPHOCYTES,0.00561431853612597,0.045469921525495,0.407017918923954,-0.341872946383079,-1.50430426717062,172,genotype
MOSET2101,MGI_MP:0002085__ABNORMAL_EMBRYONIC_TISSUE_MORPHOLOGY,0.00561431853612597,0.045469921525495,0.407017918923954,-0.37298008334889,-1.61006402012452,133,genotype
MOSET1427,"GAD_RESPIRATORY_TRACT_DISEASES_RHINITIS,_ALLERGIC,_SEASONAL",0.00568867929109876,0.0454993301026958,0.407017918923954,-0.677540000737244,-2.1815683102168,12,genotype
MOSET479,GAD_NEOPLASMS_NEOPLASMS,0.00568867929109876,0.0454993301026958,0.407017918923954,-0.581880895032561,-2.09033724700981,21,genotype
MOSET4923,MGI_MP:0001785__EDEMA,0.00568867929109876,0.0454993301026958,0.407017918923954,-0.405599480147539,-1.7141300748783,94,genotype
MOSET721,GAD_CARDIOVASCULAR_DISEASES_VASCULAR_DISEASES,0.00568867929109876,0.0454993301026958,0.407017918923954,-0.717761859163501,-2.24176282038777,10,genotype
MOSET7291,TRAN_ACC_2020_ASTRO_A,0.00568867929109876,0.0454993301026958,0.407017918923954,-0.518095178059976,-1.98408620516284,34,genotype
MOSET7457,TRAN_NAC_2020_ASTRO_A,0.00568867929109876,0.0454993301026958,0.407017918923954,-0.518095178059976,-1.98408620516284,34,genotype
MOSET1754,MGI_MP:0002672__ABNORMAL_BRANCHIAL_ARCH_ARTERY_MORPHOLOGY,0.00576304005991317,0.0459309192739628,0.407017918923954,-0.552748735006079,-2.03476875608354,26,genotype
MOSET7719,LUO_2019_INH_MGE_B3GAT2_AOAH_DE_NEURON_CLUSTERS,0.00576304005991317,0.0459309192739628,0.407017918923954,-0.40811183336831,-1.70142231157103,81,genotype
MOSET4791,MGI_MP:0000422__DELAYED_HAIR_APPEARANCE,0.00583740084204028,0.0464413710100837,0.407017918923954,-0.644145189110773,-2.12995871050457,14,genotype
MOSET288,"GAD_ENDOCRINE_SYSTEM_DISEASES_THYROIDITIS,_AUTOIMMUNE",0.00591176163697776,0.0467029169321243,0.407017918923954,-0.664846287963744,-2.17993898866668,13,genotype
MOSET3208,MGI_MP:0002216__ABNORMAL_SEMINIFEROUS_TUBULE_MORPHOLOGY,0.00591176163697776,0.0467029169321243,0.407017918923954,-0.400170684773242,-1.68690717338312,88,genotype
MOSET7548,YANG_2021_ASTROCYTE,0.00591176163697776,0.0467029169321243,0.407017918923954,-0.358494643611327,-1.56540733111141,152,genotype
MOSET7773,JAKEL_2019_OLIGODENDROCYTE3_DE_OG_CLUSTERS,0.00591176163697776,0.0467029169321243,0.407017918923954,-0.433398763864442,-1.75581551093249,59,genotype
MOSET2216,MGI_MP:0000783__ABNORMAL_FOREBRAIN_MORPHOLOGY,0.00598612244424827,0.0467977593167534,0.407017918923954,-0.430230721366161,-1.76596223268603,68,genotype
MOSET255,GAD_MENTAL_DISORDERS_SCHIZOPHRENIA,0.00598612244424827,0.0467977593167534,0.407017918923954,-0.359325580313983,-1.55941774952724,141,genotype
MOSET2768,MGI_MP:0002950__ABNORMAL_NEURAL_CREST_CELL_MIGRATION,0.00598612244424827,0.0467977593167534,0.407017918923954,-0.552536958102554,-2.02506329774331,25,genotype
MOSET6788,LIANG_GBM_HYPOXIA_CLUSTER,0.00598612244424827,0.0467977593167534,0.407017918923954,-0.609085950070955,-2.15769427941151,19,genotype
MOSET7316,TRAN_ACC_2020_ASTRO_A_DE_PAIRWISE,0.00598612244424827,0.0467977593167534,0.407017918923954,-0.51646066274807,-1.97782670030772,34,genotype
MOSET7482,TRAN_NAC_2020_ASTRO_A_DE_PAIRWISE,0.00598612244424827,0.0467977593167534,0.407017918923954,-0.51646066274807,-1.97782670030772,34,genotype
MOSET7254,MATHYS_2019_IN11_DE_SUBTYPE_CLUSTERS,0.00613484409399461,0.0477944687807227,0.407017918923954,-0.299722555828753,-1.36128820111234,412,genotype
MOSET6758,FIETZ_hOSVZ>hVZ+hISVZ+hCP+mVZ+mSVZ+mCP,0.00620920493562729,0.0482069824571201,0.407017918923954,-0.628184763009342,-2.14012732637661,16,genotype
MOSET6816,T_CELL_CD4_NAIVE_PHILLIPS_PAPER,0.00620920493562729,0.0482069824571201,0.407017918923954,-0.463138006512763,-1.85255095324449,51,genotype
MOSET6298,MGI_MP:0003109__SHORT_FEMUR,0.00628356578790411,0.0486166610703303,0.407017918923954,-0.501200343065454,-1.91156918788576,33,genotype
MOSET6873,TURCAN_HYPOMETHYLATED_UPREGULATED_IN_IDH1MUT_ASTROCYTES_48_GENES,0.00628356578790411,0.0486166610703303,0.407017918923954,-0.464239421271279,-1.81559642886136,43,genotype
MOSET2319,MGI_MP:0000266__ABNORMAL_HEART_MORPHOLOGY,0.00635792665045164,0.0491076221389086,0.407017918923954,-0.374771212966742,-1.6015810149728,118,genotype
MOSET1704,MGI_MP:0002551__ABNORMAL_BLOOD_COAGULATION,0.00643228752291368,0.0495121208815048,0.407017918923954,-0.45436610262864,-1.81993447809818,52,genotype
MOSET3285,MGI_MP:0001156__ABNORMAL_SPERMATOGENESIS,0.00643228752291368,0.0495121208815048,0.407017918923954,-0.385473753541953,-1.64315164690309,102,genotype
MOSET1660,MGI_MP:0000400__ABNORMAL_AWL_HAIR,0.00650664840495035,0.0499138633177026,0.407017918923954,-0.746291792172135,-2.26303826363742,8,genotype
MOSET5497,MGI_MP:0003131__INCREASED_ERYTHROCYTE_CELL_NUMBER,0.00650664840495035,0.0499138633177026,0.407017918923954,-0.66296962963338,-2.17378568565991,13,genotype
